	{

		"metadata": {
			"formatVersion" : 3.1,
			"generatedBy"   : "Blender 2.7 Exporter",
			"vertices"      : 160,
			"faces"         : 144,
			"normals"       : 54,
			"colors"        : 0,
			"uvs"           : [401],
			"materials"     : 1,
			"morphTargets"  : 0,
			"bones"         : 0
		},

			"scale" : 1.000000,
			
			"vertices" : [-16.1886,5.94009,24.0533,-16.1886,5.94009,-3.17401,-5.19166,5.94009,-3.17401,-5.19166,5.94009,24.0533,-16.1886,6.50015,24.0533,-16.1886,6.50015,-3.17401,-5.19166,6.50015,-3.17401,-5.19166,6.50015,24.0533,-16.1886,6.50015,23.2673,-16.1886,5.94009,23.2673,-5.19166,6.50015,23.2673,-5.19166,5.94009,23.2673,-16.1886,6.50015,-2.46805,-5.19166,5.94009,-2.46805,-16.1886,5.94009,-2.46805,-5.19166,6.50015,-2.46805,-15.3575,6.50015,-3.17401,-15.3575,5.94009,-3.17401,-15.3575,6.50015,24.0533,-15.3575,5.94009,24.0533,-15.3575,5.94009,23.2673,-15.3575,6.50015,23.2673,-15.3575,5.94009,-2.46805,-15.3575,6.50015,-2.46805,-5.99086,6.50015,-3.17401,-5.99086,5.94009,24.0533,-5.99086,5.94009,23.2673,-5.99086,5.94009,-2.46805,-5.99086,5.94009,-3.17401,-5.99086,6.50015,24.0533,-5.99086,6.50015,23.2673,-5.99086,6.50015,-2.46805,-16.1886,1.23161,24.0533,-16.1886,1.2316,-3.17401,-5.19166,1.2316,-3.17401,-5.19166,1.23161,24.0533,-16.1886,1.23161,23.2673,-5.19166,1.23161,23.2673,-5.19166,1.2316,-2.46805,-16.1886,1.2316,-2.46805,-15.3575,1.2316,-3.17401,-15.3575,1.23161,24.0533,-15.3575,1.23161,23.2673,-15.3575,1.2316,-2.46805,-5.99086,1.23161,24.0533,-5.99086,1.23161,23.2673,-5.99086,1.2316,-2.46805,-5.99086,1.2316,-3.17401,-15.3575,5.94009,23.2673,-15.3575,6.50015,23.2673,-15.3575,5.94009,-2.46805,-15.3575,6.50015,-2.46805,-5.99086,5.94009,23.2673,-5.99086,5.94009,-2.46805,-5.99086,6.50015,23.2673,-5.99086,6.50015,-2.46805,-6.37231,5.94009,23.1463,-6.37231,6.50015,23.1463,-6.37231,6.50015,-2.34708,-6.37231,5.94009,-2.34708,-14.976,5.94009,23.1463,-14.976,5.94009,-2.34708,-14.976,6.50015,-2.34708,-14.976,6.50015,23.1463,-16.1886,7.40971,24.0533,-16.1886,7.40971,-3.17401,-5.19166,7.40971,-3.17401,-5.19166,7.40971,24.0533,-16.1886,7.40971,23.2673,-5.19166,7.40971,23.2673,-16.1886,7.40971,-2.46805,-5.19166,7.40971,-2.46805,-15.3575,7.40971,-3.17401,-15.3575,7.40971,24.0533,-15.3575,7.40971,23.2673,-15.3575,7.40971,-2.46805,-5.99086,7.40971,-3.17401,-5.99086,7.40971,24.0533,-5.99086,7.40971,23.2673,-5.99086,7.40971,-2.46805,-16.1886,8.65678,24.0533,-16.1886,8.65678,-3.17401,-5.19166,8.65678,-3.17401,-5.19166,8.65678,24.0533,-16.1886,8.65678,23.2673,-5.19166,8.65678,23.2673,-16.1886,8.65678,-2.46805,-5.19166,8.65678,-2.46805,-15.3575,8.65678,-3.17401,-15.3575,8.65678,24.0533,-15.3575,8.65678,23.2673,-15.3575,8.65678,-2.46805,-5.99086,8.65678,-3.17401,-5.99086,8.65678,24.0533,-5.99086,8.65678,23.2673,-5.99086,8.65678,-2.46805,-15.3224,6.5097,22.4727,-15.3224,6.5097,20.9073,-6.04022,6.5097,20.9073,-6.04022,6.5097,22.4727,-15.3224,6.78865,22.4727,-15.3224,6.78865,20.9073,-6.04022,6.78865,20.9073,-6.04022,6.78865,22.4727,-15.3409,6.5097,19.393,-15.3409,6.5097,17.8276,-6.05877,6.5097,17.8276,-6.05877,6.5097,19.393,-15.3409,6.78865,19.393,-15.3409,6.78865,17.8276,-6.05877,6.78865,17.8276,-6.05877,6.78865,19.393,-15.3224,6.5097,15.8125,-15.3224,6.5097,14.2471,-6.04022,6.5097,14.2471,-6.04022,6.5097,15.8125,-15.3224,6.78865,15.8125,-15.3224,6.78865,14.2471,-6.04022,6.78865,14.2471,-6.04022,6.78865,15.8125,-15.3224,6.5097,12.2505,-15.3224,6.5097,10.6851,-6.04022,6.5097,10.6851,-6.04022,6.5097,12.2505,-15.3224,6.78865,12.2505,-15.3224,6.78865,10.6851,-6.04022,6.78865,10.6851,-6.04022,6.78865,12.2505,-15.3224,6.5097,8.87403,-15.3224,6.5097,7.30863,-6.04022,6.5097,7.30863,-6.04022,6.5097,8.87403,-15.3224,6.78865,8.87403,-15.3224,6.78865,7.30863,-6.04022,6.78865,7.30863,-6.04022,6.78865,8.87403,-15.3038,6.5097,5.33084,-15.3038,6.5097,3.76544,-6.02166,6.5097,3.76544,-6.02166,6.5097,5.33084,-15.3038,6.78865,5.33084,-15.3038,6.78865,3.76544,-6.02166,6.78865,3.76544,-6.02166,6.78865,5.33084,-15.35,6.5097,2.19172,-15.35,6.5097,0.626328,-6.06783,6.5097,0.626328,-6.06783,6.5097,2.19172,-15.35,6.78865,2.19172,-15.35,6.78865,0.626328,-6.06783,6.78865,0.626328,-6.06783,6.78865,2.19172,-15.3038,6.5097,-0.670404,-15.3038,6.5097,-2.2358,-6.02166,6.5097,-2.2358,-6.02166,6.5097,-0.670404,-15.3038,6.78865,-0.670404,-15.3038,6.78865,-2.2358,-6.02166,6.78865,-2.2358,-6.02166,6.78865,-0.670404],