	{

		"metadata": {
			"formatVersion" : 3.1,
			"generatedBy"   : "Blender 2.7 Exporter",
			"vertices"      : 118,
			"faces"         : 90,
			"normals"       : 74,
			"colors"        : 3,
			"uvs"           : [232],
			"materials"     : 2,
			"morphTargets"  : 0,
			"bones"         : 0
		},

			"scale" : 1.000000,
			
			"vertices" : [15.9404,11.1012,33.188,15.9404,13.3858,33.188,15.8886,11.1012,33.0443,15.8886,13.3858,33.0443,15.9442,11.1012,32.9231,15.9442,13.3858,32.9231,16.0746,11.1012,32.8952,16.0746,13.3858,32.8952,16.2035,11.1012,32.9771,16.2035,13.3858,32.9771,16.2554,11.1012,33.1207,16.2554,13.3858,33.1207,16.1998,11.1012,33.242,16.1998,13.3858,33.242,16.0693,11.1012,33.2698,16.0693,13.3858,33.2698,16.1059,13.0736,33.1612,15.5427,13.0736,33.6127,15.4308,13.0736,33.4732,15.9941,13.0736,33.0217,16.1059,13.2523,33.1612,15.5427,13.2523,33.6127,15.4308,13.2523,33.4732,15.9941,13.2523,33.0217,16.1059,11.3608,33.1612,15.5427,11.3608,33.6127,15.4308,11.3608,33.4732,15.9941,11.3608,33.0217,16.1059,11.5396,33.1612,15.5427,11.5396,33.6127,15.4308,11.5396,33.4732,15.9941,11.5396,33.0217,15.8902,3.13512,33.9887,14.8613,3.13512,34.8134,9.43078,3.13512,28.0386,10.4597,3.13512,27.2138,15.8902,21.6013,33.9887,14.8613,21.6013,34.8134,9.43078,21.6013,28.0386,10.4597,21.6013,27.2138,15.8902,12.3682,33.9887,14.8613,12.3682,34.8134,9.43078,12.3682,28.0386,10.4597,12.3682,27.2138,10.9554,11.4449,27.8322,10.9554,4.05843,27.8322,15.3946,4.05843,33.3703,15.3946,11.4449,33.3703,15.3946,13.2915,33.3703,15.3946,20.678,33.3703,10.9554,20.678,27.8322,10.9554,13.2915,27.8322,14.3656,20.678,34.1951,9.92643,20.678,28.6569,14.3656,13.2915,34.1951,9.92643,13.2915,28.6569,14.3656,11.4449,34.1951,14.3656,4.05843,34.1951,9.92643,11.4449,28.6569,9.92643,4.05843,28.6569,10.9554,11.4449,27.8322,10.9554,4.05843,27.8322,15.3946,4.05843,33.3703,15.3946,11.4449,33.3703,15.3946,13.2915,33.3703,15.3946,20.678,33.3703,10.9554,20.678,27.8322,10.9554,13.2915,27.8322,14.3656,20.678,34.1951,9.92643,20.678,28.6569,14.3656,13.2915,34.1951,9.92643,13.2915,28.6569,14.3656,11.4449,34.1951,14.3656,4.05843,34.1951,9.92643,11.4449,28.6569,9.92643,4.05843,28.6569,14.4527,11.172,33.7512,10.3786,11.172,28.6685,10.3786,4.33135,28.6685,14.4527,4.33135,33.7512,10.8683,11.172,28.2761,14.9424,11.172,33.3587,14.9424,4.33135,33.3587,10.8683,4.33135,28.2761,14.4959,20.534,33.8051,10.3354,20.534,28.6146,10.3354,13.4354,28.6146,14.4959,13.4354,33.8051,10.8251,20.534,28.2222,14.9856,20.534,33.4126,14.9856,13.4354,33.4126,10.8251,13.4354,28.2222,15.9404,11.1012,33.188,15.9404,13.3858,33.188,15.8886,11.1012,33.0443,15.8886,13.3858,33.0443,15.9442,11.1012,32.9231,16.0746,11.1012,32.8952,16.2035,11.1012,32.9771,16.2554,11.1012,33.1207,16.1998,11.1012,33.242,16.0693,11.1012,33.2698,16.1059,13.0736,33.1612,15.5427,13.0736,33.6127,15.4308,13.0736,33.4732,15.9941,13.0736,33.0217,16.1059,13.2523,33.1612,15.5427,13.2523,33.6127,15.4308,13.2523,33.4732,15.9941,13.2523,33.0217,16.1059,11.3608,33.1612,15.5427,11.3608,33.6127,15.4308,11.3608,33.4732,15.9941,11.3608,33.0217,16.1059,11.5396,33.1612,15.5427,11.5396,33.6127,15.4308,11.5396,33.4732,15.9941,11.5396,33.0217],
			"faces"    : [171,2,3,5,4,1,0,1,2,3,0,1,2,3,0,0,0,0,171,4,5,7,6,1,3,2,4,5,3,2,4,5,0,0,0,0,171,6,7,9,8,1,5,4,6,7,5,4,6,7,0,0,0,0,171,8,9,11,10,1,8,9,10,11,7,6,8,9,0,0,0,0,171,10,11,13,12,1,11,10,12,13,9,8,10,11,0,0,0,0,170,3,1,5,1,14,15,16,1,12,2,0,0,0,170,1,15,13,1,15,17,18,12,13,10,0,0,0,170,13,11,9,1,18,19,20,10,8,6,0,0,0,170,9,7,5,1,20,21,16,6,4,2,0,0,0,170,1,13,5,1,15,18,16,12,10,2,0,0,0,170,13,9,5,1,18,20,16,10,6,2,0,0,0,171,1,0,14,15,1,22,23,24,25,12,14,15,13,0,0,0,0,171,12,13,15,14,1,13,12,25,24,11,10,13,15,0,0,0,0,171,20,21,17,16,1,26,27,28,29,16,16,11,11,0,0,0,0,171,22,23,19,18,1,30,31,32,33,17,17,3,3,0,0,0,0,171,23,22,21,20,1,34,35,36,37,17,17,16,16,0,0,0,0,171,28,29,25,24,1,38,39,40,41,16,16,11,11,0,0,0,0,171,30,31,27,26,1,42,43,44,45,17,17,3,3,0,0,0,0,171,31,30,29,28,1,46,47,48,49,17,17,16,16,0,0,0,0,171,40,41,33,32,0,50,51,52,53,18,19,20,21,0,0,0,0,171,45,44,60,61,0,54,54,54,54,22,22,23,24,0,2,2,0,171,42,43,35,34,0,55,56,57,58,25,26,27,28,0,0,0,0,171,57,56,72,73,0,54,54,54,54,29,29,30,31,0,2,2,0,171,32,33,34,35,0,59,60,61,62,21,20,28,27,0,0,0,0,171,39,38,37,36,0,63,64,62,61,32,33,34,35,0,0,0,0,171,36,37,41,40,0,65,66,51,50,35,34,19,18,0,0,0,0,171,47,46,62,63,0,54,54,54,54,22,22,36,37,2,2,2,2,171,38,39,43,42,0,67,68,56,55,33,32,26,25,0,0,0,0,171,59,57,73,75,0,54,54,54,54,29,29,31,38,2,0,0,2,171,44,45,35,43,0,69,70,71,72,22,22,27,26,2,0,0,0,171,45,46,32,35,0,73,74,75,76,22,22,21,27,0,2,0,0,171,46,47,40,32,0,77,78,79,80,22,22,18,21,2,2,0,0,171,47,44,43,40,0,81,82,83,84,22,22,26,18,2,2,0,0,171,48,49,36,40,0,85,86,87,79,22,22,35,18,0,2,0,0,171,49,50,39,36,0,88,89,90,91,22,22,32,35,2,2,0,0,171,50,51,43,39,0,92,93,72,94,22,22,26,32,2,0,0,0,171,51,48,40,43,0,95,96,84,83,22,22,18,26,0,0,0,0,171,53,52,37,38,0,97,98,99,100,29,29,34,33,2,2,0,0,171,52,54,41,37,0,101,102,103,104,29,29,19,34,2,0,0,0,171,55,53,38,42,0,105,106,107,108,29,29,33,25,0,2,0,0,171,54,55,42,41,0,109,110,111,112,29,29,25,19,0,0,0,0,171,56,57,33,41,0,113,114,115,116,29,29,20,19,2,0,0,0,171,59,58,42,34,0,117,118,108,119,29,29,25,28,2,2,0,0,171,57,59,34,33,0,120,121,122,123,29,29,28,20,0,2,0,0,171,58,56,41,42,0,124,125,112,111,29,29,19,25,2,2,0,0,171,48,51,67,64,0,54,54,54,54,22,22,39,40,0,0,0,0,171,50,49,65,66,0,54,54,54,54,22,22,41,42,2,2,2,2,171,53,55,71,69,0,54,54,54,54,29,29,43,44,2,0,0,2,171,52,53,69,68,0,54,54,54,54,29,29,44,45,2,2,2,2,171,56,58,74,72,0,54,54,54,54,29,29,46,30,2,2,2,2,171,44,47,63,60,0,54,54,54,54,22,22,37,23,2,2,2,2,171,58,59,75,74,0,54,54,54,54,29,29,38,46,2,2,2,2,171,46,45,61,62,0,54,54,54,54,22,22,24,36,2,0,0,2,171,51,50,66,67,0,54,54,54,54,22,22,42,39,0,2,2,0,171,49,48,64,65,0,54,54,54,54,22,22,40,41,2,0,0,2,171,55,54,70,71,0,54,54,54,54,29,29,47,43,0,0,0,0,171,54,52,68,70,0,54,54,54,54,29,29,45,47,0,2,2,0,171,76,77,78,79,0,126,127,128,129,48,49,50,51,2,2,2,0,171,74,77,76,72,0,130,131,132,133,46,49,48,30,2,2,2,2,171,75,78,77,74,0,134,135,136,137,38,50,49,46,2,2,2,2,171,73,79,78,75,0,138,139,140,141,31,51,50,38,0,0,2,2,171,72,76,79,73,0,137,136,135,134,30,48,51,31,2,2,0,0,171,80,81,82,83,0,142,143,144,145,52,53,54,55,2,2,2,0,171,63,81,80,60,0,146,147,148,149,37,53,52,23,2,2,2,2,171,62,82,81,63,0,150,151,152,153,36,54,53,37,2,2,2,2,171,61,83,82,62,0,154,155,156,157,24,55,54,36,0,0,2,2,171,60,80,83,61,0,158,159,160,161,23,52,55,24,2,2,0,0,171,84,85,86,87,0,162,163,164,165,56,57,58,59,2,2,0,0,171,69,85,84,68,0,166,167,168,169,44,57,56,45,2,2,2,2,171,71,86,85,69,0,170,171,172,173,43,58,57,44,0,0,2,2,171,70,87,86,71,0,174,175,176,177,47,59,58,43,0,0,0,0,171,68,84,87,70,0,178,179,180,181,45,56,59,47,2,2,0,0,171,88,89,90,91,0,182,183,184,185,60,61,62,63,2,2,0,0,171,65,89,88,66,0,186,187,188,189,41,61,60,42,2,2,2,2,171,64,90,89,65,0,190,191,192,59,40,62,61,41,0,0,2,2,171,67,91,90,64,0,193,194,195,196,39,63,62,40,0,0,0,0,171,66,88,91,67,0,197,198,199,200,42,60,63,39,2,2,0,0,171,92,93,95,94,0,201,202,203,204,64,65,65,66,0,0,0,0,170,92,94,101,0,205,206,207,64,66,67,0,0,0,170,94,96,97,0,206,208,209,66,67,67,0,0,0,170,97,98,99,0,209,210,211,67,67,67,0,0,0,170,99,100,101,0,211,212,207,67,67,67,0,0,0,170,94,97,101,0,206,209,207,66,67,67,0,0,0,170,97,99,101,0,209,211,207,67,67,67,0,0,0,171,107,108,104,103,0,213,214,215,201,68,68,69,69,0,0,0,0,171,109,106,102,105,0,214,216,217,215,70,70,71,71,0,0,0,0,171,102,103,104,105,0,218,219,220,221,71,69,69,71,0,0,0,0,171,115,116,112,111,0,222,223,224,225,68,68,69,69,0,0,0,0,171,117,114,110,113,0,226,222,225,227,70,70,72,73,0,0,0,0,171,110,111,112,113,0,228,229,230,231,72,69,69,73,0,0,0,0],