	{

		"metadata": {
			"formatVersion" : 3.1,
			"generatedBy"   : "Blender 2.7 Exporter",
			"vertices"      : 128,
			"faces"         : 156,
			"normals"       : 128,
			"colors"        : 0,
			"uvs"           : [271],
			"materials"     : 1,
			"morphTargets"  : 0,
			"bones"         : 0
		},

			"scale" : 1.000000,
			
			"vertices" : [11.3289,1.09674,-7.13003,11.3289,9.22912,-7.9527,11.7124,1.09674,-7.09226,11.8729,9.22912,-7.89912,12.0812,1.09674,-6.98039,12.396,9.22912,-7.74044,12.4211,1.09674,-6.79874,12.8781,9.22912,-7.48277,12.7189,1.09674,-6.55427,13.3007,9.22912,-7.13599,12.9634,1.09674,-6.25639,13.6474,9.22912,-6.71344,13.1451,1.09674,-5.91654,13.9051,9.22912,-6.23136,13.2569,1.09674,-5.54778,14.0638,9.22912,-5.70827,13.2947,1.09674,-5.16428,14.1174,9.22912,-5.16428,13.2569,1.09674,-4.78078,14.0638,9.22912,-4.62028,13.1451,1.09674,-4.41202,13.9051,9.22912,-4.09719,12.9634,1.09674,-4.07216,13.6474,9.22912,-3.61511,12.7189,1.09674,-3.77428,13.3007,9.22912,-3.19256,12.4211,1.09674,-3.52981,12.8781,9.22912,-2.84579,12.0812,1.09674,-3.34816,12.396,9.22912,-2.58811,11.7124,1.09674,-3.2363,11.8729,9.22912,-2.42943,11.3289,1.09674,-3.19853,11.3289,9.22912,-2.37585,10.9454,1.09674,-3.2363,10.7849,9.22912,-2.42943,10.5767,1.09674,-3.34816,10.2619,9.22912,-2.58811,10.2368,1.09674,-3.52981,9.77978,9.22912,-2.84579,9.93894,1.09674,-3.77428,9.35723,9.22912,-3.19256,9.69448,1.09674,-4.07217,9.01045,9.22912,-3.61511,9.51282,1.09674,-4.41202,8.75277,9.22912,-4.0972,9.40096,1.09674,-4.78078,8.5941,9.22912,-4.62029,9.36319,1.09674,-5.16428,8.54052,9.22912,-5.16428,9.40096,1.09674,-5.54778,8.5941,9.22912,-5.70827,9.51283,1.09674,-5.91654,8.75278,9.22912,-6.23136,9.69448,1.09674,-6.25639,9.01045,9.22912,-6.71345,9.93895,1.09674,-6.55427,9.35723,9.22912,-7.13599,10.2368,1.09674,-6.79874,9.77978,9.22912,-7.48277,10.5767,1.09674,-6.9804,10.2619,9.22912,-7.74045,10.9454,1.09674,-7.09226,10.785,9.22912,-7.89912,11.8408,9.22912,-7.73766,11.3289,9.22912,-7.78808,12.333,9.22912,-7.58835,12.7866,9.22912,-7.34589,13.1842,9.22912,-7.01959,13.5106,9.22912,-6.62198,13.753,9.22912,-6.16836,13.9023,9.22912,-5.67616,13.9527,9.22912,-5.16428,13.9023,9.22912,-4.6524,13.753,9.22912,-4.16019,13.5106,9.22912,-3.70657,13.1842,9.22912,-3.30897,12.7866,9.22912,-2.98267,12.333,9.22912,-2.7402,11.8408,9.22912,-2.59089,11.3289,9.22912,-2.54048,10.8171,9.22912,-2.59089,10.3249,9.22912,-2.7402,9.87123,9.22912,-2.98267,9.47363,9.22912,-3.30897,9.14733,9.22912,-3.70657,8.90486,9.22912,-4.16019,8.75556,9.22912,-4.6524,8.70514,9.22912,-5.16428,8.75556,9.22912,-5.67616,8.90487,9.22912,-6.16837,9.14733,9.22912,-6.62199,9.47364,9.22912,-7.01959,9.87124,9.22912,-7.34589,10.3249,9.22912,-7.58836,10.8171,9.22912,-7.73766,11.6647,1.49379,-6.85224,11.3289,1.49379,-6.88531,11.9876,1.49379,-6.75431,12.2851,1.49379,-6.59527,12.5459,1.49379,-6.38123,12.7599,1.49379,-6.12043,12.919,1.49379,-5.82289,13.0169,1.49379,-5.50003,13.05,1.49379,-5.16428,13.0169,1.49379,-4.82852,12.919,1.49379,-4.50567,12.7599,1.49379,-4.20812,12.5459,1.49379,-3.94732,12.2851,1.49379,-3.73329,11.9876,1.49379,-3.57425,11.6647,1.49379,-3.47631,11.3289,1.49379,-3.44324,10.9932,1.49379,-3.47631,10.6703,1.49379,-3.57425,10.3728,1.49379,-3.73329,10.112,1.49379,-3.94732,9.89795,1.49379,-4.20812,9.73891,1.49379,-4.50567,9.64098,1.49379,-4.82852,9.60791,1.49379,-5.16428,9.64098,1.49379,-5.50004,9.73891,1.49379,-5.82289,9.89795,1.49379,-6.12043,10.112,1.49379,-6.38123,10.3728,1.49379,-6.59527,10.6703,1.49379,-6.75431,10.9932,1.49379,-6.85224],
			"faces"    : [43,0,1,3,2,0,0,1,2,3,0,1,2,3,43,2,3,5,4,0,3,2,4,5,3,2,4,5,43,4,5,7,6,0,5,4,6,7,5,4,6,7,43,6,7,9,8,0,7,6,8,9,7,6,8,9,43,8,9,11,10,0,9,8,10,11,9,8,10,11,43,10,11,13,12,0,12,13,14,15,11,10,12,13,43,12,13,15,14,0,15,14,16,17,13,12,14,15,43,14,15,17,16,0,17,16,18,19,15,14,16,17,43,16,17,19,18,0,19,18,20,21,17,16,18,19,43,18,19,21,20,0,21,20,22,23,19,18,20,21,43,20,21,23,22,0,23,22,24,25,21,20,22,23,43,22,23,25,24,0,25,24,26,27,23,22,24,25,43,24,25,27,26,0,27,26,28,29,25,24,26,27,43,26,27,29,28,0,30,31,32,33,27,26,28,29,43,28,29,31,30,0,33,32,34,35,29,28,30,31,43,30,31,33,32,0,35,34,36,37,31,30,32,33,43,32,33,35,34,0,37,36,38,39,33,32,34,35,43,34,35,37,36,0,39,38,40,41,35,34,36,37,43,36,37,39,38,0,41,40,42,43,37,36,38,39,43,38,39,41,40,0,43,42,44,45,39,38,40,41,43,40,41,43,42,0,46,28,47,48,41,40,42,43,43,42,43,45,44,0,48,47,49,50,43,42,44,45,43,44,45,47,46,0,50,49,51,52,45,44,46,47,43,46,47,49,48,0,52,51,53,54,47,46,48,49,43,48,49,51,50,0,54,53,55,56,49,48,50,51,43,50,51,53,52,0,56,55,57,58,51,50,52,53,43,52,53,55,54,0,58,57,59,60,53,52,54,55,43,54,55,57,56,0,60,59,61,62,55,54,56,57,43,56,57,59,58,0,63,64,65,66,57,56,58,59,43,58,59,61,60,0,66,65,67,68,59,58,60,61,43,94,93,125,126,0,69,70,71,72,62,63,64,65,43,1,0,62,63,0,1,0,73,74,1,0,66,67,43,60,61,63,62,0,68,67,74,73,61,60,67,66,42,0,2,62,0,75,76,77,0,3,66,42,2,4,6,0,76,78,79,3,5,7,42,6,8,10,0,79,80,81,7,9,11,42,10,12,14,0,81,82,83,11,13,15,42,14,16,18,0,83,84,85,15,17,19,42,18,20,22,0,85,86,87,19,21,23,42,22,24,26,0,87,88,89,23,25,27,42,26,28,30,0,89,90,91,27,29,31,42,30,32,34,0,91,92,93,31,33,35,42,34,36,38,0,93,94,95,35,37,39,42,38,40,42,0,95,96,97,39,41,43,42,42,44,46,0,97,98,99,43,45,47,42,46,48,50,0,99,100,101,47,49,51,42,50,52,54,0,101,102,103,51,53,55,42,54,56,58,0,103,104,105,55,57,59,42,58,60,62,0,105,106,77,59,61,66,42,2,6,62,0,76,79,77,3,7,66,42,6,10,14,0,79,81,83,7,11,15,42,14,18,22,0,83,85,87,15,19,23,42,22,26,30,0,87,89,91,23,27,31,42,30,34,38,0,91,93,95,31,35,39,42,38,42,46,0,95,97,99,39,43,47,42,46,50,54,0,99,101,103,47,51,55,42,54,58,62,0,103,105,77,55,59,66,42,6,14,62,0,79,83,77,7,15,66,42,14,22,30,0,83,87,91,15,23,31,42,30,38,46,0,91,95,99,31,39,47,42,46,54,62,0,99,103,77,47,55,66,42,14,30,62,0,83,91,77,15,31,66,42,30,46,62,0,91,99,77,31,47,66,43,65,64,3,1,0,107,108,109,110,68,69,2,1,43,64,66,5,3,0,108,111,112,109,69,70,4,2,43,66,67,7,5,0,111,113,114,112,70,71,6,4,43,67,68,9,7,0,113,115,116,114,71,72,8,6,43,68,69,11,9,0,115,117,118,116,72,73,10,8,43,69,70,13,11,0,117,119,120,118,73,74,12,10,43,70,71,15,13,0,119,121,122,120,74,75,14,12,43,71,72,17,15,0,121,123,124,122,75,76,16,14,43,72,73,19,17,0,123,125,126,124,76,77,18,16,43,73,74,21,19,0,125,127,128,126,77,78,20,18,43,74,75,23,21,0,127,129,130,128,78,79,22,20,43,75,76,25,23,0,129,131,132,130,79,80,24,22,43,76,77,27,25,0,131,133,134,132,80,81,26,24,43,77,78,29,27,0,133,135,136,134,81,82,28,26,43,78,79,31,29,0,135,137,138,136,82,83,30,28,43,79,80,33,31,0,137,139,140,138,83,84,32,30,43,80,81,35,33,0,139,141,142,140,84,85,34,32,43,81,82,37,35,0,141,143,144,142,85,86,36,34,43,82,83,39,37,0,143,145,146,144,86,87,38,36,43,83,84,41,39,0,145,147,148,146,87,88,40,38,43,84,85,43,41,0,147,149,150,148,88,89,42,40,43,85,86,45,43,0,149,151,152,150,89,90,44,42,43,86,87,47,45,0,151,153,154,152,90,91,46,44,43,87,88,49,47,0,153,155,156,154,91,92,48,46,43,88,89,51,49,0,155,157,158,156,92,93,50,48,43,89,90,53,51,0,157,159,160,158,93,94,52,50,43,90,91,55,53,0,159,161,162,160,94,95,54,52,43,91,92,57,55,0,161,163,164,162,95,96,56,54,43,92,93,59,57,0,163,165,166,164,96,63,58,56,43,93,94,61,59,0,165,167,168,166,63,62,60,58,43,94,95,63,61,0,167,169,170,168,62,97,67,60,43,95,65,1,63,0,169,107,110,170,97,68,1,67,42,96,97,98,0,171,172,173,98,99,100,42,97,127,126,0,172,174,175,99,101,65,42,126,125,124,0,175,176,177,65,64,102,42,124,123,122,0,177,178,179,102,103,104,42,122,121,120,0,179,180,181,104,105,106,42,120,119,118,0,181,182,183,106,107,108,42,118,117,116,0,183,184,185,108,109,110,42,116,115,114,0,185,186,187,110,111,112,42,114,113,112,0,187,188,189,112,113,114,42,112,111,110,0,189,190,191,114,115,116,42,110,109,108,0,191,192,193,116,117,118,42,108,107,106,0,193,194,195,118,119,120,42,106,105,104,0,195,196,197,120,121,122,42,104,103,102,0,197,198,199,122,123,124,42,102,101,100,0,199,200,201,124,125,126,42,100,99,98,0,201,202,173,126,127,100,42,97,126,98,0,172,175,173,99,65,100,42,126,124,122,0,175,177,179,65,102,104,42,122,120,118,0,179,181,183,104,106,108,42,118,116,114,0,183,185,187,108,