	{

		"metadata": {
			"formatVersion" : 3.1,
			"generatedBy"   : "Blender 2.7 Exporter",
			"vertices"      : 78,
			"faces"         : 76,
			"normals"       : 37,
			"colors"        : 0,
			"uvs"           : [188],
			"materials"     : 1,
			"morphTargets"  : 0,
			"bones"         : 0
		},

			"scale" : 1.000000,
			
			"vertices" : [10.1791,1.02402,-10.3701,10.1791,1.02402,-21.2862,15.0852,1.02402,-21.2862,15.0852,1.02402,-10.3701,10.1791,25.9503,-10.3701,10.1791,25.9503,-21.2862,15.0852,25.9503,-21.2862,15.0852,25.9503,-10.3701,10.1791,1.30833,-10.5988,10.1791,25.666,-10.5988,10.1791,25.666,-21.0575,10.1791,1.30833,-21.0575,10.1791,13.2933,-10.3701,10.1791,13.2933,-21.2862,15.0852,13.2933,-21.2862,15.0852,13.2933,-10.3701,10.1791,13.2977,-10.5988,10.1791,13.2977,-21.0575,10.1791,13.5244,-10.3701,10.1791,13.5235,-10.5988,10.1791,13.5244,-21.2862,15.0852,13.5244,-21.2862,15.0852,13.5244,-10.3701,10.1791,13.5235,-21.0575,10.5392,1.30833,-10.5988,10.5392,25.666,-10.5988,10.5392,25.666,-21.0575,10.5392,1.30833,-21.0575,10.5392,13.2977,-10.5988,10.5392,13.2977,-21.0575,10.5392,13.5235,-10.5988,10.5392,13.5235,-21.0575,10.1791,25.9503,-15.918,10.1791,1.02402,-15.918,15.0852,25.9503,-15.918,15.0852,1.02402,-15.918,10.1791,25.666,-15.9142,10.1791,1.30833,-15.9142,10.1791,13.2977,-15.9142,15.0852,13.2933,-15.918,10.1791,13.5235,-15.9142,15.0852,13.5244,-15.918,10.5392,25.666,-15.9142,10.3609,1.30833,-15.9142,10.3609,13.2977,-15.9142,10.5392,13.5235,-15.9142,10.1791,20.7662,-10.3701,10.1791,20.6002,-10.5988,10.1791,20.7662,-21.2862,15.0852,20.7662,-21.2862,15.0852,20.7662,-10.3701,10.1791,20.6002,-21.0575,10.5392,20.6002,-10.5988,10.5392,20.6002,-21.0575,15.0852,20.7662,-15.918,10.5392,20.6002,-15.9142,10.1791,21.0292,-10.3701,10.1791,20.8571,-10.5988,10.1791,21.0292,-21.2862,15.0852,21.0292,-21.2862,15.0852,21.0292,-10.3701,10.1791,20.8571,-21.0575,10.5392,20.8571,-10.5988,10.5392,20.8571,-21.0575,15.0852,21.0292,-15.918,10.5392,20.8571,-15.9142,14.7459,25.666,-10.5988,14.7459,25.666,-21.0575,14.7459,13.5235,-10.5988,14.7459,13.5235,-21.0575,14.7459,25.666,-15.9142,14.7459,13.5235,-15.9142,14.7459,20.6002,-10.5988,14.7459,20.6002,-21.0575,14.7459,20.6002,-15.9142,14.7459,20.8571,-10.5988,14.7459,20.8571,-21.0575,14.7459,20.8571,-15.9142],
			"faces"    : [43,38,17,29,44,0,0,1,2,3,0,1,2,3,43,13,14,2,1,0,4,5,6,7,4,5,6,7,43,39,15,3,35,0,8,9,10,11,8,9,10,11,43,0,3,15,12,0,12,13,14,15,12,10,9,13,43,33,1,2,35,0,16,17,18,19,0,7,6,11,43,34,6,5,32,0,20,21,22,23,14,15,16,17,43,0,12,16,8,0,24,25,26,27,12,13,18,19,43,36,9,4,32,0,28,29,30,31,0,18,20,17,43,61,10,5,58,0,32,33,34,35,13,1,16,4,43,37,11,1,33,0,36,37,38,39,17,21,7,0,43,40,23,17,38,0,40,41,42,43,17,21,1,0,43,20,21,14,13,0,44,45,5,4,4,5,5,4,43,41,22,15,39,0,46,47,9,8,8,9,9,8,43,22,18,12,15,0,48,49,15,14,9,13,13,9,43,19,16,12,18,0,50,26,25,51,19,18,13,13,43,11,17,13,1,0,52,53,54,55,21,1,4,7,43,17,23,20,13,0,53,56,57,54,1,21,4,4,43,40,19,30,45,0,58,59,60,61,17,19,22,23,43,48,49,21,20,0,62,63,45,44,4,5,5,4,43,54,50,22,41,0,64,65,47,46,8,9,9,8,43,50,46,18,22,0,66,67,49,48,9,13,13,9,43,47,19,18,46,0,68,50,51,69,4,19,13,13,43,44,29,27,43,0,70,71,72,73,3,2,24,25,43,55,53,73,74,0,74,75,76,77,0,26,12,0,43,51,23,31,53,0,78,79,80,81,13,21,27,26,43,8,16,28,24,0,82,83,84,85,19,18,28,29,43,37,8,24,43,0,86,87,88,89,17,19,29,25,43,17,11,27,29,0,90,91,92,93,1,21,24,2,43,36,10,26,42,0,94,95,96,97,0,1,30,31,43,57,9,25,62,0,98,99,100,101,4,18,32,33,43,16,38,44,28,0,102,0,3,103,18,0,3,28,43,14,39,35,2,0,104,8,11,105,5,8,11,6,43,0,33,35,3,0,106,16,19,107,12,0,11,10,43,7,34,32,4,0,108,20,23,109,34,14,17,20,43,10,36,32,5,0,110,28,31,111,1,0,17,16,43,33,0,8,37,0,39,112,113,36,0,12,19,17,43,19,40,38,16,0,114,40,43,115,19,17,0,18,43,21,41,39,14,0,116,46,8,104,5,8,8,5,43,23,40,45,31,0,117,58,61,118,21,17,23,27,43,49,54,41,21,0,119,64,46,116,5,8,8,5,43,28,44,43,24,0,120,70,73,121,28,3,25,29,43,52,55,74,72,0,122,74,77,123,35,0,0,7,43,11,37,43,27,0,124,86,89,125,21,17,25,24,43,9,36,42,25,0,126,94,97,127,18,0,31,32,43,23,51,48,20,0,56,128,129,57,21,13,4,4,43,58,59,49,48,0,130,131,63,62,4,5,5,4,43,64,60,50,54,0,132,133,65,64,8,9,9,8,43,60,56,46,50,0,134,135,67,66,9,13,13,9,43,57,47,46,56,0,136,68,69,137,4,4,13,13,43,65,63,53,55,0,138,139,140,141,17,36,26,0,43,61,51,53,63,0,98,78,81,101,13,13,26,36,43,19,47,52,30,0,79,78,81,80,19,4,35,22,43,59,64,54,49,0,142,132,64,119,5,8,8,5,43,62,65,55,52,0,143,138,141,144,33,17,0,35,43,51,61,58,48,0,128,32,35,129,13,13,4,4,43,47,57,62,52,0,78,98,101,81,4,4,33,35,43,5,6,59,58,0,145,146,131,130,16,15,5,4,43,34,7,60,64,0,147,148,133,132,14,34,9,8,43,7,4,56,60,0,149,150,135,134,34,20,13,9,43,9,57,56,4,0,151,136,137,152,18,4,13,20,43,63,65,77,76,0,153,154,155,156,36,17,17,20,43,10,61,63,26,0,99,98,101,100,1,13,36,30,43,6,34,64,59,0,157,147,132,142,15,14,8,5,43,65,62,75,77,0,154,158,159,155,17,33,16,17,43,74,73,69,71,0,160,161,162,163,0,12,20,17,43,72,74,71,68,0,164,160,163,165,7,0,17,16,43,70,67,76,77,0,166,167,168,169,0,12,20,17,43,66,70,77,75,0,170,166,169,171,7,0,17,16,43,53,31,69,73,0,81,80,172,173,26,27,20,12,43,30,52,72,68,0,80,81,173,172,22,35,7,16,43,31,45,71,69,0,174,175,176,177,27,23,17,20,43,25,42,70,66,0,178,179,180,181,32,31,0,7,43,45,30,68,71,0,175,182,183,176,23,22,16,17,43,26,63,76,67,0,100,101,184,185,30,36,20,12,43,42,26,67,70,0,179,186,187,180,31,30,12,0,43,62,25,66,75,0,101,100,185,184,33,32,7,16],