	{

		"metadata": {
			"formatVersion" : 3.1,
			"generatedBy"   : "Blender 2.7 Exporter",
			"vertices"      : 120,
			"faces"         : 116,
			"normals"       : 58,
			"colors"        : 0,
			"uvs"           : [286],
			"materials"     : 1,
			"morphTargets"  : 0,
			"bones"         : 0
		},

			"scale" : 1.000000,
			
			"vertices" : [-1.37918,6.2934,-16.4165,-4.3314,6.2934,-21.2706,2.47848,6.2934,-18.7627,-0.473737,6.2934,-23.6168,-1.37918,6.99308,-16.4165,-4.3314,6.99308,-21.2706,2.47848,6.99308,-18.7627,-0.473737,6.99308,-23.6168,-4.68839,6.99308,-21.8576,-4.68839,6.2934,-21.8576,-1.08198,6.99308,-15.9279,-1.08198,6.2934,-15.9279,-0.830727,6.99308,-24.2038,-0.830727,6.2934,-24.2038,2.77568,6.99308,-18.274,2.77568,6.2934,-18.274,-1.79269,6.99308,-16.165,-1.79269,6.2934,-16.165,2.892,6.99308,-19.0142,2.892,6.2934,-19.0142,-0.0602224,6.99308,-23.8683,-0.0602224,6.2934,-23.8683,-4.74491,6.99308,-21.0191,-0.00200182,1.19197,-23.9446,-4.74491,6.2934,-21.0191,-0.358495,1.19197,-24.5308,-4.83947,1.19197,-21.0026,-5.19596,1.19197,-21.5887,-0.829209,1.19197,-24.2445,-0.472716,1.19197,-23.6584,-4.72525,1.19197,-21.875,-4.36876,1.19197,-21.2888,-1.50112,1.19331,-15.5172,-1.85762,1.19331,-16.1033,-1.3869,1.19331,-16.3896,-1.03041,1.19331,-15.8034,-2.75956,6.99308,-23.0307,0.846851,6.2934,-17.1009,-2.75956,6.2934,-23.0307,0.846851,6.99308,-17.1009,0.549653,6.2934,-17.5896,-2.40257,6.2934,-22.4437,0.549653,6.99308,-17.5896,-2.40257,6.99308,-22.4437,3.33315,1.19331,-18.4573,2.97666,1.19331,-19.0435,2.50594,1.19331,-18.7572,2.86244,1.19331,-18.171,-4.83947,7.12233,-21.0026,-4.81784,7.1891,-21.1786,-5.19596,7.12233,-21.5887,-5.02967,7.1891,-21.5269,-4.72525,7.12233,-21.875,-4.74688,7.1891,-21.6989,-4.36876,7.12233,-21.2888,-4.53505,7.1891,-21.3506,-1.50112,7.12367,-15.5172,-1.4795,7.19044,-15.6932,-1.85762,7.12367,-16.1033,-1.69133,7.19044,-16.0415,-1.3869,7.12367,-16.3896,-1.40853,7.19044,-16.2135,-1.03041,7.12367,-15.8034,-1.1967,7.19044,-15.8652,-0.00200182,7.12233,-23.9446,-0.472716,10.2406,-23.6584,-0.358495,7.12233,-24.5308,-0.829209,10.2406,-24.2445,-0.829209,7.12233,-24.2445,-0.472716,7.12233,-23.6584,-0.472716,12.8893,-23.6584,3.33315,7.12367,-18.4573,-0.358495,10.2406,-24.5308,2.97666,7.12367,-19.0435,-0.829209,12.8893,-24.2445,2.50594,7.12367,-18.7572,2.86244,7.12367,-18.171,-0.00200182,10.2406,-23.9446,-0.00200182,9.6838,-23.9446,-0.00200182,12.2792,-23.9446,-0.00200182,13.7106,-23.9446,-0.358495,9.6838,-24.5308,-0.168292,13.7774,-24.0064,-0.829209,9.6838,-24.2445,-0.472716,9.6838,-23.6584,-0.358495,12.2792,-24.5308,3.33315,9.68514,-18.4573,-0.380122,13.7774,-24.3547,2.97666,9.68514,-19.0435,-0.829209,12.2792,-24.2445,2.50594,9.68514,-18.7572,-0.472716,12.2792,-23.6584,2.86244,9.68514,-18.171,-0.358495,13.7106,-24.5308,3.33315,10.2419,-18.4573,-0.358495,12.8893,-24.5308,2.97666,10.2419,-19.0435,2.50594,10.2419,-18.7572,2.86244,10.2419,-18.171,-0.00200182,12.8893,-23.9446,3.33315,12.2805,-18.4573,-0.662918,13.7774,-24.1827,2.97666,12.2805,-19.0435,-0.829209,13.7106,-24.2445,2.50594,12.2805,-18.7572,-0.472716,13.7106,-23.6584,2.86244,12.2805,-18.171,-0.451089,13.7774,-23.8344,3.33315,12.8906,-18.4573,2.97666,12.8906,-19.0435,2.50594,12.8906,-18.7572,2.86244,12.8906,-18.171,3.33315,13.7119,-18.4573,3.16686,13.7787,-18.5191,2.97666,13.7119,-19.0435,2.95503,13.7787,-18.8674,2.50594,13.7119,-18.7572,2.67224,13.7787,-18.6954,2.86244,13.7119,-18.171,2.88406,13.7787,-18.3471],
			"faces"    : [43,22,5,1,24,0,0,1,2,3,0,1,2,3,43,14,15,2,6,0,4,5,6,7,4,5,6,7,43,0,11,10,4,0,8,9,10,11,8,9,10,11,43,69,29,23,64,0,12,13,14,15,12,9,13,14,43,50,52,30,27,0,16,17,18,19,15,16,17,3,43,5,8,9,1,0,20,21,22,23,1,0,3,2,43,39,10,11,37,0,24,25,26,27,18,10,9,19,43,26,27,30,31,0,28,29,30,20,9,3,17,13,43,1,0,17,24,0,31,32,33,34,2,8,20,3,43,20,21,3,7,0,35,1,0,36,21,17,22,23,43,55,53,51,49,0,23,37,38,39,24,25,26,27,43,7,3,13,12,0,40,41,2,42,23,22,28,29,43,71,44,45,73,0,43,44,45,46,14,13,17,30,43,17,0,4,16,0,47,48,49,41,20,8,11,31,43,23,29,28,25,0,50,29,28,51,13,9,32,28,43,56,58,33,32,0,52,53,54,55,33,15,3,20,43,66,25,28,68,0,56,57,58,59,30,28,32,34,43,16,22,24,17,0,60,61,62,63,31,0,3,20,43,68,28,29,69,0,64,65,66,67,34,32,9,12,43,52,54,31,30,0,53,68,69,54,16,35,13,17,43,19,2,3,21,0,70,71,72,73,5,6,22,17,43,6,18,20,7,0,74,75,76,77,7,36,21,23,43,18,19,21,20,0,78,79,80,81,36,5,17,21,43,39,42,4,10,0,82,83,84,85,18,37,11,10,43,54,48,26,31,0,86,87,88,89,35,33,9,13,43,43,36,8,5,0,90,91,92,93,37,38,0,1,43,4,5,22,16,0,84,93,94,95,11,1,0,31,43,42,43,5,4,0,83,90,93,84,37,37,1,11,43,58,60,34,33,0,87,16,19,88,15,39,17,3,43,32,33,34,35,0,96,97,98,99,20,3,17,13,43,63,61,59,57,0,100,101,102,103,24,25,26,27,43,60,62,35,34,0,68,104,105,69,39,35,13,17,43,62,56,32,35,0,106,86,89,107,35,33,20,13,43,0,1,41,40,0,32,31,108,109,8,2,40,40,43,6,2,19,18,0,96,0,110,111,7,6,5,36,43,1,9,38,41,0,31,112,113,108,2,3,41,40,43,64,23,25,66,0,114,115,116,117,14,13,28,30,43,11,0,40,37,0,118,32,109,119,9,8,40,19,43,8,36,38,9,0,120,121,122,123,0,38,41,3,43,44,47,46,45,0,124,3,125,126,13,9,3,17,43,73,45,46,75,0,127,128,13,12,30,17,3,34,43,75,46,47,76,0,129,130,131,132,34,3,9,12,43,76,47,44,71,0,133,134,128,127,12,9,13,14,43,39,37,15,14,0,24,27,135,136,18,19,5,4,43,39,14,6,42,0,82,137,74,83,18,4,7,37,43,43,7,12,36,0,90,77,138,91,37,23,29,38,43,42,6,7,43,0,83,74,77,90,37,7,23,37,43,2,40,41,3,0,71,109,108,72,6,40,40,22,43,3,41,38,13,0,72,108,113,139,22,40,41,28,43,15,37,40,2,0,140,119,109,71,5,19,40,6,43,12,13,38,36,0,141,142,122,121,29,28,41,38,43,64,66,81,78,0,114,117,143,144,14,30,30,42,43,51,53,52,50,0,145,146,17,16,26,25,16,15,43,66,68,83,81,0,56,59,147,148,30,34,34,30,43,49,51,50,48,0,149,150,151,152,27,26,15,33,43,68,69,84,83,0,64,67,153,154,34,12,43,34,43,53,55,54,52,0,155,156,68,53,25,24,35,16,43,55,49,48,54,0,157,158,87,86,24,27,33,35,43,59,61,60,58,0,159,160,16,87,26,25,39,15,43,57,59,58,56,0,161,162,53,52,27,26,15,33,43,61,63,62,60,0,163,164,104,68,25,24,35,39,43,63,57,56,62,0,165,166,86,106,24,27,33,35,43,69,64,78,84,0,12,15,167,168,12,14,42,43,43,73,75,90,88,0,127,12,168,169,30,34,44,45,43,71,73,88,86,0,43,46,170,171,14,30,45,14,43,75,76,92,90,0,129,132,172,173,34,12,12,44,43,76,71,86,92,0,133,127,169,147,12,14,14,12,43,48,50,27,26,0,152,151,107,174,33,15,3,9,43,119,113,115,117,0,175,103,102,176,27,24,25,26,43,107,82,87,101,0,177,37,23,178,46,24,47,26,43,78,81,72,77,0,144,143,179,180,42,30,30,48,43,81,83,67,72,0,148,147,181,182,30,34,34,30,43,83,84,65,67,0,154,153,183,184,34,43,49,34,43,86,88,96,94,0,171,170,185,186,14,45,50,14,43,90,92,98,97,0,173,172,187,188,44,12,12,51,43,92,86,94,98,0,147,169,189,181,12,14,14,12,43,67,65,91,89,0,184,183,190,191,34,49,52,34,43,72,67,89,85,0,182,181,192,193,30,34,34,30,43,77,72,85,79,0,180,179,194,195,48,30,30,53,43,65,77,79,91,0,196,197,198,199,49,48,53,52,43,96,97,104,102,0,200,42,201,202,50,51,54,45,43,94,96,102,100,0,186,185,203,204,14,50,45,14,43,97,98,106,104,0,188,187,205,206,51,12,12,54,43,98,94,100,106,0,181,189,207,208,12,14,14,12,43,79,85,95,99,0,195,194,209,210,53,30,30,55,43,85,89,74,95,0,193,192,211,212,30,34,34,30,43,89,91,70,74,0,191,190,213,214,34,52,56,34,43,100,102,109,108,0,204,203,215,216,14,45,50,14,43,104,106,111,110,0,206,205,217,218,54,12,12,51,43,106,100,108,111,0,208,207,219,211,12,14,14,12,43,74,70,105,103,0,214,213,220,221,34,56,33,15,43,95,74,103,93,0,212,211,222,223,30,34,15,39,43,99,95,93,80,0,210,209,224,225,55,30,39,35,43,70,99,80,105,0,226,227,228,229,56,55,35,33,43,109,110,116,114,0,230,176,231,232,50,51,15,39,43,108,109,114,112,0,216,215,233,234,14,50,39,35,43,110,111,118,116,0,218,217,235,236,51,12,57,15,43,111,108,112,118,0,211,219,237,238,12,14,35,57,43,80,93,87,82,0,225,224,239,240,35,39,47,24,43,93,103,101,87,0,223,222,241,242,39,15,26,47,43,103,105,107,101,0,221,220,243,244,15,33,46,26,43,105,80,82,107,0,229,228,245,246,33,35,24,46,43,114,116,117,115,0,232,231,247,248,39,15,26,25,43,112,114,115,113,0,234,233,249,250,35,39,25,24,43,116,118,119,117,0,236,235,251,252,15,57,27,26,43,118,112,113,119,0,238,237,253,254,57,35,24,27,43,96,77,65,