	{

		"metadata": {
			"formatVersion" : 3.1,
			"generatedBy"   : "Blender 2.7 Exporter",
			"vertices"      : 80,
			"faces"         : 70,
			"normals"       : 30,
			"colors"        : 0,
			"uvs"           : [150],
			"materials"     : 2,
			"morphTargets"  : 0,
			"bones"         : 0
		},

			"scale" : 1.000000,
			
			"vertices" : [-15.2462,9.96238,-14.2819,-15.2462,9.96238,-23.9793,-5.64942,9.96238,-14.2819,-5.64942,9.96238,-23.9793,-15.2462,11.1566,-14.2819,-15.2462,11.1566,-23.9793,-5.64942,11.1566,-14.2819,-5.64942,11.1566,-23.9793,-15.2462,11.1566,-25.1519,-15.2462,9.96238,-25.1519,-15.2462,11.1566,-13.3057,-15.2462,9.96238,-13.3057,-5.64942,11.1566,-25.1519,-5.64942,9.96238,-25.1519,-5.64942,11.1566,-13.3057,-5.64942,9.96238,-13.3057,-16.2749,11.1566,-14.2819,-16.2749,9.96238,-14.2819,-4.62072,11.1566,-14.2819,-4.62072,9.96238,-14.2819,-4.62072,11.1566,-23.9793,-4.62072,9.96238,-23.9793,-16.2749,11.1566,-23.9793,-4.43069,1.25491,-24.039,-16.2749,9.96238,-23.9793,-4.43069,1.25491,-25.21,-16.4649,1.25491,-24.039,-16.4649,1.25491,-25.21,-5.60168,1.25491,-25.21,-5.60168,1.25491,-24.039,-15.2939,1.25491,-25.21,-15.2939,1.25491,-24.039,-16.4609,1.25721,-13.0785,-16.4609,1.25721,-14.2495,-15.2899,1.25721,-14.2495,-15.2899,1.25721,-13.0785,-10.4478,11.1566,-25.1519,-10.4478,9.96238,-13.3057,-10.4478,9.96238,-25.1519,-10.4478,11.1566,-13.3057,-10.4478,9.96238,-14.2819,-10.4478,9.96238,-23.9793,-10.4478,11.1566,-14.2819,-10.4478,11.1566,-23.9793,-4.43466,1.25721,-13.0785,-4.43466,1.25721,-14.2495,-5.60565,1.25721,-14.2495,-5.60565,1.25721,-13.0785,-16.4649,11.3773,-24.039,-16.2311,11.4912,-24.2766,-16.4649,11.3773,-25.21,-16.2311,11.4912,-24.9724,-15.2939,11.3773,-25.21,-15.5276,11.4912,-24.9724,-15.2939,11.3773,-24.039,-15.5276,11.4912,-24.2766,-16.4609,11.3795,-13.0785,-16.2272,11.4935,-13.3161,-16.4609,11.3795,-14.2495,-16.2272,11.4935,-14.0119,-15.2899,11.3795,-14.2495,-15.5237,11.4935,-14.0119,-15.2899,11.3795,-13.0785,-15.5237,11.4935,-13.3161,-4.43069,11.3773,-24.039,-4.66443,11.4912,-24.2766,-4.66443,11.4912,-24.9724,-4.43069,11.3773,-25.21,-5.36794,11.4912,-24.9724,-5.60168,11.3773,-25.21,-5.60168,11.3773,-24.039,-5.36794,11.4912,-24.2766,-4.43466,11.3795,-13.0785,-4.6684,11.4935,-13.3161,-4.43466,11.3795,-14.2495,-4.6684,11.4935,-14.0119,-5.60565,11.3795,-14.2495,-5.37191,11.4935,-14.0119,-5.60565,11.3795,-13.0785,-5.37191,11.4935,-13.3161],
			"faces"    : [43,22,5,1,24,0,0,1,2,3,0,1,2,3,43,14,15,2,6,0,4,5,6,7,4,5,6,7,43,0,11,10,4,0,8,9,10,11,8,9,10,11,43,70,29,23,64,1,12,13,14,15,12,9,5,13,43,50,52,30,27,1,16,17,18,19,14,15,16,3,43,5,8,9,1,0,20,10,9,21,1,0,3,2,43,39,10,11,37,0,22,23,24,25,17,10,9,18,43,26,27,30,31,1,26,27,28,29,9,3,16,5,43,1,0,17,24,0,30,31,32,33,2,8,9,3,43,20,21,3,7,0,34,35,36,37,19,16,20,21,43,55,53,51,49,1,38,39,40,41,22,23,24,25,43,7,3,13,12,0,42,43,44,45,21,20,16,19,43,72,44,45,74,1,46,47,48,49,13,5,16,15,43,17,0,4,16,0,50,42,51,52,9,8,11,10,43,79,73,75,77,1,53,54,55,56,25,22,23,24,43,23,29,28,25,1,28,57,58,29,5,9,3,16,43,56,58,33,32,1,59,60,61,62,12,14,3,9,43,67,25,28,69,1,63,64,65,66,15,16,3,14,43,16,22,24,17,0,67,68,69,70,10,0,3,9,43,69,28,29,70,1,71,72,73,74,14,3,9,12,43,52,54,31,30,1,46,75,76,47,15,13,5,16,43,19,2,3,21,0,77,78,79,80,5,6,20,16,43,6,18,20,7,0,78,77,80,79,7,4,19,21,43,18,19,21,20,0,67,70,69,68,4,5,16,19,43,39,42,4,10,0,81,82,31,83,17,26,11,10,43,54,48,26,31,1,71,15,14,72,13,12,9,5,43,43,36,8,5,0,84,85,86,30,26,27,0,1,43,4,5,22,16,0,31,30,33,32,11,1,0,10,43,42,43,5,4,0,82,84,30,31,26,26,1,11,43,58,60,34,33,1,87,88,89,64,14,15,16,3,43,32,33,34,35,1,90,91,92,93,9,3,16,5,43,63,61,59,57,1,94,95,96,97,22,23,24,25,43,71,65,66,68,1,98,99,100,101,25,22,23,24,43,60,62,35,34,1,102,103,48,104,15,13,5,16,43,62,56,32,35,1,12,105,106,13,13,12,9,5,43,0,1,41,40,0,31,30,84,82,8,2,28,28,43,6,2,19,18,0,107,108,5,4,7,6,5,4,43,1,9,38,41,0,30,86,85,84,2,3,29,28,43,64,23,25,67,1,109,104,26,110,13,5,16,15,43,11,0,40,37,0,83,31,82,81,9,8,28,18,43,8,36,38,9,0,23,22,25,24,0,27,29,3,43,44,47,46,45,1,57,93,92,58,5,9,3,16,43,74,45,46,76,1,16,19,89,88,15,16,3,14,43,76,46,47,78,1,111,112,61,60,14,3,9,12,43,78,47,44,72,1,66,65,106,105,12,9,5,13,43,39,37,15,14,0,22,25,113,114,17,18,5,4,43,39,14,6,42,0,81,115,78,82,17,4,7,26,43,43,7,12,36,0,84,79,116,85,26,21,19,27,43,42,6,7,43,0,82,78,79,84,26,7,21,26,43,2,40,41,3,0,78,82,84,79,6,28,28,20,43,3,41,38,13,0,79,84,85,116,20,28,29,16,43,15,37,40,2,0,115,81,82,78,5,18,28,6,43,12,13,38,36,0,114,113,25,22,19,16,29,27,43,64,67,66,65,1,109,110,117,118,13,15,23,22,43,51,53,52,50,1,119,120,17,16,24,23,15,14,43,67,69,68,66,1,63,66,121,122,15,14,24,23,43,49,51,50,48,1,123,124,74,125,25,24,14,12,43,69,70,71,68,1,71,74,126,127,14,12,25,24,43,53,55,54,52,1,128,129,75,46,23,22,13,15,43,55,49,48,54,1,130,131,15,71,22,25,12,13,43,59,61,60,58,1,132,133,88,87,24,23,15,14,43,57,59,58,56,1,134,135,60,59,25,24,14,12,43,61,63,62,60,1,136,137,103,102,23,22,13,15,43,63,57,56,62,1,138,139,105,12,22,25,12,13,43,70,64,65,71,1,12,15,140,141,12,13,22,25,43,74,76,77,75,1,16,88,142,143,15,14,24,23,43,72,74,75,73,1,46,49,144,145,13,15,23,22,43,76,78,79,77,1,111,60,146,147,14,12,25,24,43,78,72,73,79,1,66,105,148,149,12,13,22,25,43,48,50,27,26,1,125,74,73,112,12,14,3,9],
			"uvs"      : [[0.016975,0.264217,0.008715,0.264217,0.008715,0.170638,0.016975,0.170638,0.101839,0.280737,0.101839,0.187158,0.109551,0.187158,0.109551,0.280737,0,0.357796,0,0.350084,0.093579,0.350084,0.093579,0.357796,0.423194,0.760617,0.423194,0.233317,0.45484,0.233317,0.45484,0.760617,0.264963,0.760617,0.233317,0.760617,0.233317,0.233317,0.264963,0.233317,0.093579,0.340821,0,0.340821,0.916748,0.444982,0.916748,0.639377,0.868365,0.639377,0.868365,0.444982,0.735551,0.233317,0.766683,0.233317,0.766683,0.239601,0.735551,0.239601,0.301165,0.800447,0.301165,0.36079,0.254526,0.36079,0.254526,0.800447,0,0.264217,0,0.170638,0.00826,0.170638,0.00826,0.264217,0.284942,0.719979,0.284942,0.746397,0.264909,0.746397,0.264909,0.719979,0.170638,0.187158,0.170638,0.093579,0.179901,0.093579,0.179901,0.187158,0.642152,0.760616,0.642152,0.233317,0.673285,0.233317,0.673285,0.760616,0.162378,0.187158,0.170638,0.280737,0.162378,0.280737,0.574133,0.303837,0.594166,0.303837,0.594166,0.330255,0.574133,0.330255,0.766683,0.245886,0.735551,0.245886,0.611019,0.760617,0.579886,0.760617,0.579885,0.233317,0.611018,0.233317,0.328256,0.760617,0.328255,0.233317,0.359902,0.233317,0.359902,0.760617,0.883482,0.665291,0.883482,0.178896,0.823581,0.178896,0.823581,0.665291,0.486486,0.760617,0.486486,0.233317,0.517619,0.233317,0.517619,0.760617,0.611019,0.760616,0.611019,0.233317,0.782898,0.36079,0.736259,0.36079,0.736259,0.800447,0.782898,0.800447,0.518712,0.31653,0.518712,0.36079,0.301165,0.31653,0.518712,0.800447,0.518712,0.853612,0.301165,0.853612,0.328255,0.760617,0.296609,0.760617,0.296609,0.233317,0.766683,0.258455,0.735551,0.258455,0.735551,0.252171,0.766683,0.252171,0.285055,0.303837,0.285055,0.330255,0.265022,0.330255,0.265022,0.303837,0.574246,0.719979,0.594279,0.719979,0.594279,0.746397,0.574246,0.746397,0.704417,0.760617,0.673285,0.760617,0.704418,0.233317,0.391548,0.760617,0.391548,0.233317,0.093579,0.280737,0.093579,0.187158,0.704418,0.760616,0.735551,0.760616,0.548753,0.760617,0.548752,0.233317,0.868365,0.250586,0.916748,0.250586,0.736259,0.31653,0.736259,0.853612,0.729234,0.766683,0.710734,0.766683,0.258646,0.766683,0.239634,0.766683,0.353585,0.766683,0.334572,0.766683,0.542436,0.766683,0.523936,0.766683,0.548752,0.760617,0.511302,0.766683,0.492803,0.766683,0.635835,0.766683,0.617335,0.766683,0.480169,0.766683,0.461157,0.766683,0.321939,0.766683,0.302926,0.766683,0.604702,0.766683,0.586203,0.766683,0.698101,0.766683,0.679601,0.766683,0.416877,0.766683,0.397865,0.766683,0.448523,0.766683,0.429511,0.766683,0.290292,0.766683,0.27128,0.766683,0.666968,0.766683,0.648468,0.766683,0.573569,0.766683,0.555069,0.766683,0.385231,0.766683,0.366219,0.766683]],