	{

		"metadata": {
			"formatVersion" : 3.1,
			"generatedBy"   : "Blender 2.7 Exporter",
			"vertices"      : 4,
			"faces"         : 2,
			"normals"       : 1,
			"colors"        : 0,
			"uvs"           : [],
			"materials"     : 1,
			"morphTargets"  : 0,
			"bones"         : 0
		},

			"scale" : 1.000000,
			
			"vertices" : [2197.45,-2.17723,-1538.55,-2023.22,-2.17723,-1538.55,2197.45,-2.17705,2682.11,-2023.22,-2.17705,2682.11],
			"faces"    : [34,1,3,0,0,0,0,0,34,3,2,0,0,0,0,0],
			"uvs"      : [],
			"normals"  : [0,1,0],
			
			"skinIndices"  : [],
			"skinWeights"  : [],
			"morphTargets" : [],
			
			"bones"      : [],
			"animations" : [],
			
			"colors"    : [],
			"materials" : [
				{
					"DbgColor": 15658734,
					"DbgIndex": 0,
					"DbgName": "Water.001",
					"blending": "NormalBlending",
					"colorAmbient": [0.04732946526005066, 0.2136361153965609, 0.6729625802183534],
					"colorDiffuse": [0.04732946526005066, 0.2136361153965609, 0.6729625802183534],
					"colorEmissive": [0.0, 0.0, 0.0],
					"colorSpecular": [0.5, 0.5, 0.5],
					"depthTest": true,
					"depthWrite": true,
					"shading": "Lambert",
					"specularCoef": 50,
					"transparency": 1.0,
					"transparent": false,
					"vertexColors": false
				}
			]


	}
