	{

		"metadata": {
			"formatVersion" : 3.1,
			"generatedBy"   : "Blender 2.7 Exporter",
			"vertices"      : 10,
			"faces"         : 10,
			"normals"       : 10,
			"colors"        : 0,
			"uvs"           : [],
			"materials"     : 1,
			"morphTargets"  : 0,
			"bones"         : 0
		},

			"scale" : 1.000000,
			
			"vertices" : [179.881,-40.9251,904.303,133.943,-39.9405,713.147,170.53,4.46485,704.044,216.468,3.48018,895.199,136.79,-3.22233,915.025,90.8512,-2.23765,723.869,127.438,42.1677,714.766,172.881,42.1677,897.405,158.335,-22.0737,909.664,112.397,-21.0891,718.508],
			"faces"    : [34,5,6,9,0,0,1,2,34,6,2,1,0,1,3,4,34,6,1,9,0,1,4,2,35,6,7,3,2,0,1,5,6,3,34,7,4,3,0,5,7,6,34,8,0,3,0,8,9,6,34,4,8,3,0,7,8,6,35,0,1,2,3,0,9,4,3,6,35,7,6,5,4,0,5,1,0,7,35,1,0,4,5,0,4,9,7,0],
			"uvs"      : [],
			"normals"  : [-0.927824,-0.062716,-0.367656,-0.196265,0.813837,-0.546892,-0.241432,0,-0.970397,0.654592,0.062136,-0.75341,-0.07242,-0.812403,-0.57857,0.06473,0.856746,0.511612,0.917692,0.079531,0.389203,-0.641133,-0.043306,0.766198,0.232307,0.099887,0.967467,0.205267,-0.796014,0.569353],
			
			"skinIndices"  : [],
			"skinWeights"  : [],
			"morphTargets" : [],
			
			"bones"      : [],
			"animations" : [],
			
			"colors"    : [],
			"materials" : [
				{
					"DbgColor": 15658734,
					"DbgIndex": 0,
					"DbgName": "default",
					"vertexColors": false
				}
			]


	}
