	{

		"metadata": {
			"formatVersion" : 3.1,
			"generatedBy"   : "Blender 2.7 Exporter",
			"vertices"      : 17,
			"faces"         : 8,
			"normals"       : 14,
			"colors"        : 0,
			"uvs"           : [],
			"materials"     : 1,
			"morphTargets"  : 0,
			"bones"         : 0
		},

			"scale" : 1.000000,
			
			"vertices" : [548.877,33.5364,190.426,695.239,35.9614,77.4978,522.253,33.7645,113.451,555.104,43.8475,2.47277,823.541,35.1214,-94.7203,730.79,45.2159,-147.633,455.022,33.8011,107.712,395.388,33.1984,17.3872,520.713,33.9188,-78.463,368.333,-1.58503,167.17,311.526,-1.58504,63.2147,431.503,-26.4661,246.369,515.365,8.31737,200.542,375.207,18.7449,-49.2427,291.345,-16.0385,-3.4151,870.113,30.7253,-181.289,762.885,42.755,-213.026],
			"faces"    : [35,0,1,3,2,0,0,1,2,3,35,3,1,4,5,0,2,1,4,5,34,3,6,2,0,2,6,3,35,6,9,11,12,0,6,7,8,8,35,9,6,7,10,0,7,6,9,10,35,10,7,13,14,0,10,9,11,11,35,6,3,8,7,0,6,2,12,9,35,5,4,15,16,0,5,4,13,13],
			"uvs"      : [],
			"normals"  : [-0.001282,0.998474,0.05472,0.029511,0.99823,0.051241,-0.016022,0.999512,0.025727,-0.003632,0.99762,0.068667,0.078951,0.99646,0.028748,0.075777,0.996612,0.030976,-0.146977,0.975127,0.165838,-0.21485,0.936735,0.276223,-0.146428,0.916044,0.373302,-0.262093,0.964721,0.02411,-0.350627,0.934965,0.053529,-0.415021,0.90701,-0.071047,-0.068697,0.997345,-0.023591,0.105808,0.994324,0.009888],
			
			"skinIndices"  : [],
			"skinWeights"  : [],
			"morphTargets" : [],
			
			"bones"      : [],
			"animations" : [],
			
			"colors"    : [],
			"materials" : [
				{
					"DbgColor": 15658734,
					"DbgIndex": 0,
					"DbgName": "default",
					"vertexColors": false
				}
			]


	}
