	{

		"metadata": {
			"formatVersion" : 3.1,
			"generatedBy"   : "Blender 2.7 Exporter",
			"vertices"      : 8,
			"faces"         : 6,
			"normals"       : 8,
			"colors"        : 0,
			"uvs"           : [],
			"materials"     : 1,
			"morphTargets"  : 0,
			"bones"         : 0
		},

			"scale" : 1.000000,
			
			"vertices" : [874.341,1.07052,-57.2785,810.051,-24.554,-78.387,856.114,-38.8557,-165.453,962.425,-14.6516,-137.5,882.724,69.6071,-67.7861,804.488,33.9231,-83.2292,859.234,29.3655,-171.818,969.453,55.0283,-149.708],
			"faces"    : [35,1,0,4,5,0,0,1,2,3,35,5,6,2,1,0,3,4,5,0,35,6,7,3,2,0,4,6,7,5,35,0,3,7,4,0,1,7,6,2,35,0,1,2,3,0,1,0,5,7,35,7,6,5,4,0,6,4,3,2],
			"uvs"      : [],
			"normals"  : [-0.709128,-0.583697,0.395459,0.200995,-0.386181,0.900235,0.116886,0.794153,0.596362,-0.835414,0.493118,0.242622,-0.361858,0.387555,-0.847835,-0.264992,-0.765831,-0.585864,0.77044,0.55916,-0.306131,0.827845,-0.549852,-0.110996],
			
			"skinIndices"  : [],
			"skinWeights"  : [],
			"morphTargets" : [],
			
			"bones"      : [],
			"animations" : [],
			
			"colors"    : [],
			"materials" : [
				{
					"DbgColor": 15658734,
					"DbgIndex": 0,
					"DbgName": "default",
					"vertexColors": false
				}
			]


	}
