	{

		"metadata": {
			"formatVersion" : 3.1,
			"generatedBy"   : "Blender 2.7 Exporter",
			"vertices"      : 8,
			"faces"         : 6,
			"normals"       : 8,
			"colors"        : 0,
			"uvs"           : [],
			"materials"     : 1,
			"morphTargets"  : 0,
			"bones"         : 0
		},

			"scale" : 1.000000,
			
			"vertices" : [269.748,-0.703423,-148.927,271.56,-0.703423,-149.772,372.888,-0.703415,67.5268,371.076,-0.703415,68.372,269.748,50.8482,-148.927,271.56,50.8482,-149.772,372.888,50.8482,67.5268,371.076,50.8482,68.372],
			"faces"    : [35,1,0,4,5,0,0,1,2,3,35,5,6,2,1,0,3,4,5,0,35,6,7,3,2,0,4,6,7,5,35,0,3,7,4,0,1,7,6,2,35,0,1,2,3,0,1,0,5,7,35,7,6,5,4,0,6,4,3,2],
			"uvs"      : [],
			"normals"  : [0.279244,-0.577349,-0.767235,-0.767235,-0.577349,-0.279244,-0.767235,0.577349,-0.279244,0.279244,0.577349,-0.767235,0.767235,0.577349,0.279244,0.767235,-0.577349,0.279244,-0.279244,0.577349,0.767235,-0.279244,-0.577349,0.767235],
			
			"skinIndices"  : [],
			"skinWeights"  : [],
			"morphTargets" : [],
			
			"bones"      : [],
			"animations" : [],
			
			"colors"    : [],
			"materials" : [
				{
					"DbgColor": 15658734,
					"DbgIndex": 0,
					"DbgName": "default",
					"vertexColors": false
				}
			]


	}
