	{

		"metadata": {
			"formatVersion" : 3.1,
			"generatedBy"   : "Blender 2.7 Exporter",
			"vertices"      : 8,
			"faces"         : 6,
			"normals"       : 8,
			"colors"        : 0,
			"uvs"           : [],
			"materials"     : 1,
			"morphTargets"  : 0,
			"bones"         : 0
		},

			"scale" : 1.000000,
			
			"vertices" : [748.769,-21.3501,67.1244,717.042,-21.3501,43.4317,747.585,66.0733,67.0038,717.042,66.0733,43.4317,627.056,-19.5365,235.884,524.717,-25.528,195.695,627.056,67.8869,235.884,524.717,61.8954,195.695],
			"faces"    : [35,1,0,2,3,0,0,1,2,3,35,7,6,2,3,0,4,5,2,3,35,6,7,5,4,0,5,4,6,7,35,7,3,1,5,0,4,3,0,6,35,4,0,2,6,0,7,1,2,5,35,1,0,4,5,0,0,1,7,6],
			"uvs"      : [],
			"normals"  : [-0.714652,-0.699179,0.019654,0.136906,-0.580523,0.802637,0.103427,0.597217,0.795373,-0.737541,0.675253,-0.004547,-0.833369,0.538377,0.124851,0.219031,0.609882,0.761589,-0.812342,-0.570696,0.119877,0.237129,-0.572832,0.78457],
			
			"skinIndices"  : [],
			"skinWeights"  : [],
			"morphTargets" : [],
			
			"bones"      : [],
			"animations" : [],
			
			"colors"    : [],
			"materials" : [
				{
					"DbgColor": 15658734,
					"DbgIndex": 0,
					"DbgName": "default",
					"vertexColors": false
				}
			]


	}
