	{

		"metadata": {
			"formatVersion" : 3.1,
			"generatedBy"   : "Blender 2.7 Exporter",
			"vertices"      : 8,
			"faces"         : 6,
			"normals"       : 8,
			"colors"        : 0,
			"uvs"           : [],
			"materials"     : 1,
			"morphTargets"  : 0,
			"bones"         : 0
		},

			"scale" : 1.000000,
			
			"vertices" : [992.957,-61.2804,1182.1,1009.28,-61.2804,1183.93,934.439,-61.2804,1849.17,918.116,-61.2804,1847.34,992.957,60.8273,1182.1,1009.28,60.8273,1183.93,934.439,60.8273,1849.17,918.116,60.8273,1847.34],
			"faces"    : [35,1,0,4,5,0,0,1,2,3,35,5,6,2,1,0,3,4,5,0,35,6,7,3,2,0,4,6,7,5,35,0,3,7,4,0,1,7,6,2,35,0,1,2,3,0,1,0,5,7,35,7,6,5,4,0,6,4,3,2],
			"uvs"      : [],
			"normals"  : [0.638264,-0.577349,-0.509171,-0.509171,-0.577349,-0.638264,-0.509171,0.577349,-0.638264,0.638264,0.577349,-0.509171,0.509171,0.577349,0.638264,0.509171,-0.577349,0.638264,-0.638264,0.577349,0.509171,-0.638264,-0.577349,0.509171],
			
			"skinIndices"  : [],
			"skinWeights"  : [],
			"morphTargets" : [],
			
			"bones"      : [],
			"animations" : [],
			
			"colors"    : [],
			"materials" : [
				{
					"DbgColor": 15658734,
					"DbgIndex": 0,
					"DbgName": "default",
					"vertexColors": false
				}
			]


	}
