	{

		"metadata": {
			"formatVersion" : 3.1,
			"generatedBy"   : "Blender 2.7 Exporter",
			"vertices"      : 8,
			"faces"         : 6,
			"normals"       : 8,
			"colors"        : 0,
			"uvs"           : [],
			"materials"     : 1,
			"morphTargets"  : 0,
			"bones"         : 0
		},

			"scale" : 1.000000,
			
			"vertices" : [608.813,-21.1051,1054,664.67,-21.1051,845.538,739.295,-21.1051,865.533,683.438,-21.1051,1073.99,608.813,56.1528,1054,664.67,56.1528,845.538,739.295,56.1528,865.533,683.438,56.1528,1073.99],
			"faces"    : [35,1,0,4,5,0,0,1,2,3,35,5,6,2,1,0,3,4,5,0,35,6,7,3,2,0,4,6,7,5,35,0,3,7,4,0,1,7,6,2,35,0,1,2,3,0,1,0,5,7,35,7,6,5,4,0,6,4,3,2],
			"uvs"      : [],
			"normals"  : [-0.408246,-0.577349,-0.707083,-0.707083,-0.577349,0.408246,-0.707083,0.577349,0.408246,-0.408246,0.577349,-0.707083,0.707083,0.577349,-0.408246,0.707083,-0.577349,-0.408246,0.408246,0.577349,0.707083,0.408246,-0.577349,0.707083],
			
			"skinIndices"  : [],
			"skinWeights"  : [],
			"morphTargets" : [],
			
			"bones"      : [],
			"animations" : [],
			
			"colors"    : [],
			"materials" : [
				{
					"DbgColor": 15658734,
					"DbgIndex": 0,
					"DbgName": "default",
					"vertexColors": false
				}
			]


	}
