	{

		"metadata": {
			"formatVersion" : 3.1,
			"generatedBy"   : "Blender 2.7 Exporter",
			"vertices"      : 8,
			"faces"         : 6,
			"normals"       : 8,
			"colors"        : 0,
			"uvs"           : [],
			"materials"     : 1,
			"morphTargets"  : 0,
			"bones"         : 0
		},

			"scale" : 1.000000,
			
			"vertices" : [889.924,-2.30381,-74.81,822.741,-21.0281,-94.2784,888.9,85.1195,-74.8748,822.741,66.3952,-94.2784,747.209,-17.1904,68.483,716.202,-17.1904,44.473,747.209,70.233,68.483,716.202,70.233,44.473],
			"faces"    : [35,1,0,2,3,0,0,1,2,3,35,7,6,2,3,0,4,5,2,3,35,6,7,5,4,0,5,4,6,7,35,7,3,1,5,0,4,3,0,6,35,4,0,2,6,0,7,1,2,5,35,1,0,4,5,0,0,1,7,6],
			"uvs"      : [],
			"normals"  : [-0.5562,-0.804621,0.207831,0.246956,-0.319315,0.914884,0.213843,0.421064,0.881436,-0.720115,0.659627,0.215064,-0.841182,0.538072,0.053255,-0.016388,0.597339,0.801813,-0.77868,-0.605976,0.162572,0.117466,-0.557298,0.821925],
			
			"skinIndices"  : [],
			"skinWeights"  : [],
			"morphTargets" : [],
			
			"bones"      : [],
			"animations" : [],
			
			"colors"    : [],
			"materials" : [
				{
					"DbgColor": 15658734,
					"DbgIndex": 0,
					"DbgName": "default",
					"vertexColors": false
				}
			]


	}
