	{

		"metadata": {
			"formatVersion" : 3.1,
			"generatedBy"   : "Blender 2.7 Exporter",
			"vertices"      : 8,
			"faces"         : 6,
			"normals"       : 8,
			"colors"        : 0,
			"uvs"           : [],
			"materials"     : 1,
			"morphTargets"  : 0,
			"bones"         : 0
		},

			"scale" : 1.000000,
			
			"vertices" : [371.772,-1.82822,68.7356,370.542,-1.82822,67.1581,467.912,-1.82822,-8.71951,469.141,-1.82822,-7.14195,371.772,85.5951,68.7356,370.542,85.5951,67.1581,467.912,85.5951,-8.71952,469.141,85.5951,-7.14196],
			"faces"    : [35,1,0,4,5,0,0,1,2,3,35,5,6,2,1,0,3,4,5,0,35,6,7,3,2,0,4,6,7,5,35,0,3,7,4,0,1,7,6,2,35,0,1,2,3,0,1,0,5,7,35,7,6,5,4,0,6,4,3,2],
			"uvs"      : [],
			"normals"  : [-0.810266,-0.577349,-0.100497,-0.100497,-0.577349,0.810266,-0.100497,0.577349,0.810266,-0.810266,0.577349,-0.100497,0.100497,0.577349,-0.810266,0.100497,-0.577349,-0.810266,0.810266,0.577349,0.100497,0.810266,-0.577349,0.100497],
			
			"skinIndices"  : [],
			"skinWeights"  : [],
			"morphTargets" : [],
			
			"bones"      : [],
			"animations" : [],
			
			"colors"    : [],
			"materials" : [
				{
					"DbgColor": 15658734,
					"DbgIndex": 0,
					"DbgName": "default",
					"vertexColors": false
				}
			]


	}
