	{

		"metadata": {
			"formatVersion" : 3.1,
			"generatedBy"   : "Blender 2.7 Exporter",
			"vertices"      : 8,
			"faces"         : 6,
			"normals"       : 8,
			"colors"        : 0,
			"uvs"           : [],
			"materials"     : 1,
			"morphTargets"  : 0,
			"bones"         : 0
		},

			"scale" : 1.000000,
			
			"vertices" : [789.18,-4.11729,-198.263,789.876,-4.11729,-200.138,939.581,-4.11729,-141.709,938.886,-4.11729,-139.834,789.18,83.3061,-198.263,789.876,83.3061,-200.138,939.581,83.3061,-141.709,938.886,83.3061,-139.834],
			"faces"    : [35,1,0,4,5,0,0,1,2,3,35,5,6,2,1,0,3,4,5,0,35,6,7,3,2,0,4,6,7,5,35,0,3,7,4,0,1,7,6,2,35,0,1,2,3,0,1,0,5,7,35,7,6,5,4,0,6,4,3,2],
			"uvs"      : [],
			"normals"  : [-0.334574,-0.576434,-0.745476,-0.744316,-0.578234,0.334056,-0.744316,0.578234,0.334056,-0.334574,0.576434,-0.745476,0.744316,0.578234,-0.334056,0.744316,-0.578234,-0.334056,0.334574,0.576434,0.745476,0.334574,-0.576434,0.745476],
			
			"skinIndices"  : [],
			"skinWeights"  : [],
			"morphTargets" : [],
			
			"bones"      : [],
			"animations" : [],
			
			"colors"    : [],
			"materials" : [
				{
					"DbgColor": 15658734,
					"DbgIndex": 0,
					"DbgName": "default",
					"vertexColors": false
				}
			]


	}
