	{

		"metadata": {
			"formatVersion" : 3.1,
			"generatedBy"   : "Blender 2.7 Exporter",
			"vertices"      : 8,
			"faces"         : 6,
			"normals"       : 8,
			"colors"        : 0,
			"uvs"           : [],
			"materials"     : 1,
			"morphTargets"  : 0,
			"bones"         : 0
		},

			"scale" : 1.000000,
			
			"vertices" : [-53.3238,-0.496315,113.668,-51.9096,-0.496315,115.082,-447.972,-0.496296,511.144,-449.386,-0.496296,509.73,-53.3238,51.0553,113.668,-51.9096,51.0553,115.082,-447.972,51.0553,511.144,-449.386,51.0553,509.73],
			"faces"    : [35,1,0,4,5,0,0,1,2,3,35,5,6,2,1,0,3,4,5,0,35,6,7,3,2,0,4,6,7,5,35,0,3,7,4,0,1,7,6,2,35,0,1,2,3,0,1,0,5,7,35,7,6,5,4,0,6,4,3,2],
			"uvs"      : [],
			"normals"  : [0.816492,-0.577349,0,0,-0.577349,-0.816492,0,0.577349,-0.816492,0.816492,0.577349,0,0,0.577349,0.816492,0,-0.577349,0.816492,-0.816492,0.577319,0,-0.816492,-0.577319,0],
			
			"skinIndices"  : [],
			"skinWeights"  : [],
			"morphTargets" : [],
			
			"bones"      : [],
			"animations" : [],
			
			"colors"    : [],
			"materials" : [
				{
					"DbgColor": 15658734,
					"DbgIndex": 0,
					"DbgName": "default",
					"vertexColors": false
				}
			]


	}
