	{

		"metadata": {
			"formatVersion" : 3.1,
			"generatedBy"   : "Blender 2.7 Exporter",
			"vertices"      : 8,
			"faces"         : 6,
			"normals"       : 8,
			"colors"        : 0,
			"uvs"           : [],
			"materials"     : 1,
			"morphTargets"  : 0,
			"bones"         : 0
		},

			"scale" : 1.000000,
			
			"vertices" : [506.977,-9.84515,205.321,441.251,-16.9566,101.221,522.363,-17.9937,111.27,547.929,-15.101,185.247,506.977,69.9494,205.321,441.251,62.8379,101.221,522.363,61.8008,111.27,547.929,64.6935,185.247],
			"faces"    : [35,1,0,4,5,0,0,1,2,3,35,5,6,2,1,0,3,4,5,0,35,6,7,3,2,0,4,6,7,5,35,0,3,7,4,0,1,7,6,2,35,0,1,2,3,0,1,0,5,7,35,7,6,5,4,0,6,4,3,2],
			"uvs"      : [],
			"normals"  : [-0.707572,-0.55565,-0.436476,-0.229194,-0.537065,0.811762,-0.212714,0.627949,0.748589,-0.703726,0.542436,-0.458785,0.512162,0.572436,-0.640248,0.489364,-0.63683,-0.595752,0.765709,0.570696,0.296609,0.735038,-0.596057,0.323099],
			
			"skinIndices"  : [],
			"skinWeights"  : [],
			"morphTargets" : [],
			
			"bones"      : [],
			"animations" : [],
			
			"colors"    : [],
			"materials" : [
				{
					"DbgColor": 15658734,
					"DbgIndex": 0,
					"DbgName": "default",
					"vertexColors": false
				}
			]


	}
