	{

		"metadata": {
			"formatVersion" : 3.1,
			"generatedBy"   : "Blender 2.7 Exporter",
			"vertices"      : 8,
			"faces"         : 6,
			"normals"       : 8,
			"colors"        : 0,
			"uvs"           : [],
			"materials"     : 1,
			"morphTargets"  : 0,
			"bones"         : 0
		},

			"scale" : 1.000000,
			
			"vertices" : [883.877,-61.2805,255.407,893.521,-61.2805,241.634,1434.7,-61.2805,620.575,1425.06,-61.2805,634.348,883.877,60.8273,255.407,893.521,60.8273,241.634,1434.7,60.8273,620.575,1425.06,60.8273,634.348],
			"faces"    : [35,1,0,4,5,0,0,1,2,3,35,5,6,2,1,0,3,4,5,0,35,6,7,3,2,0,4,6,7,5,35,0,3,7,4,0,1,7,6,2,35,0,1,2,3,0,1,0,5,7,35,7,6,5,4,0,6,4,3,2],
			"uvs"      : [],
			"normals"  : [-0.141758,-0.577349,-0.804071,-0.804071,-0.577349,0.141758,-0.804071,0.577349,0.141758,-0.141758,0.577349,-0.804071,0.804071,0.577349,-0.141758,0.804071,-0.577349,-0.141758,0.141758,0.577349,0.804071,0.141758,-0.577349,0.804071],
			
			"skinIndices"  : [],
			"skinWeights"  : [],
			"morphTargets" : [],
			
			"bones"      : [],
			"animations" : [],
			
			"colors"    : [],
			"materials" : [
				{
					"DbgColor": 15658734,
					"DbgIndex": 0,
					"DbgName": "default",
					"vertexColors": false
				}
			]


	}
