	{

		"metadata": {
			"formatVersion" : 3.1,
			"generatedBy"   : "Blender 2.7 Exporter",
			"vertices"      : 8,
			"faces"         : 3,
			"normals"       : 6,
			"colors"        : 0,
			"uvs"           : [],
			"materials"     : 1,
			"morphTargets"  : 0,
			"bones"         : 0
		},

			"scale" : 1.000000,
			
			"vertices" : [-17.584,11.2552,-25.8296,50.7441,-0.0778089,-25.4783,-18.3081,-0.313735,-109.074,50.7179,-0.44086,-108.713,-99.9377,11.1256,-25.7611,-99.9377,0.0378289,-108.792,-81.8976,-0.547647,42.7918,-17.584,-0.547649,42.7918],
			"faces"    : [35,0,1,3,2,0,0,1,1,2,35,4,0,2,5,0,3,0,2,4,35,0,4,6,7,0,0,3,5,5],
			"uvs"      : [],
			"normals"  : [0.028047,0.999512,-0.012421,0.083285,0.993927,-0.071596,0.041993,0.993713,-0.10361,0.000183,0.999969,0.003662,0.001038,0.990814,-0.135014,-0.000763,0.985626,0.168767],
			
			"skinIndices"  : [],
			"skinWeights"  : [],
			"morphTargets" : [],
			
			"bones"      : [],
			"animations" : [],
			
			"colors"    : [],
			"materials" : [
				{
					"DbgColor": 15658734,
					"DbgIndex": 0,
					"DbgName": "default",
					"vertexColors": false
				}
			]


	}
