	{

		"metadata": {
			"formatVersion" : 3.1,
			"generatedBy"   : "Blender 2.7 Exporter",
			"vertices"      : 12,
			"faces"         : 11,
			"normals"       : 12,
			"colors"        : 0,
			"uvs"           : [],
			"materials"     : 1,
			"morphTargets"  : 0,
			"bones"         : 0
		},

			"scale" : 1.000000,
			
			"vertices" : [452.136,-0.367596,5.70869,453.203,-0.367596,4.01665,573.061,-7.00681,79.2916,574.209,-6.30616,82.2934,452.136,87.0558,5.70869,453.203,87.0558,4.01664,573.666,81.1172,80.8268,574.209,81.1172,82.2934,788.793,-6.30618,-201.456,790.381,-6.30618,-200.241,788.793,81.1172,-201.456,790.381,81.1172,-200.241],
			"faces"    : [35,1,0,4,5,0,0,1,2,3,35,5,6,2,1,0,3,4,5,0,35,6,7,3,2,0,4,6,7,5,35,0,3,7,4,0,1,7,6,2,35,0,1,2,3,0,1,0,5,7,35,7,6,5,4,0,6,4,3,2,35,10,11,9,8,0,8,9,10,11,35,6,7,11,10,0,4,6,9,8,35,11,7,3,9,0,9,6,7,10,35,8,9,3,2,0,11,10,7,5,35,6,10,8,2,0,4,8,11,5],
			"uvs"      : [],
			"normals"  : [-0.26664,-0.590899,-0.761376,-0.815241,-0.518815,0.257271,-0.784875,0.593554,0.177892,-0.165075,0.587878,-0.791894,0.217109,0.832667,-0.509415,0.142308,-0.889035,-0.435133,0.614002,0.540819,0.574877,0.650441,-0.51915,0.554399,-0.107395,0.579943,-0.80752,0.809351,0.577349,-0.107669,0.836695,-0.544939,-0.054018,-0.042817,-0.598224,-0.800165],
			
			"skinIndices"  : [],
			"skinWeights"  : [],
			"morphTargets" : [],
			
			"bones"      : [],
			"animations" : [],
			
			"colors"    : [],
			"materials" : [
				{
					"DbgColor": 15658734,
					"DbgIndex": 0,
					"DbgName": "default",
					"vertexColors": false
				}
			]


	}
