	{

		"metadata": {
			"formatVersion" : 3.1,
			"generatedBy"   : "Blender 2.7 Exporter",
			"vertices"      : 8,
			"faces"         : 6,
			"normals"       : 8,
			"colors"        : 0,
			"uvs"           : [],
			"materials"     : 1,
			"morphTargets"  : 0,
			"bones"         : 0
		},

			"scale" : 1.000000,
			
			"vertices" : [-693.561,-0.496298,505.68,-694.254,-0.496298,507.555,-1219.61,-0.496305,313.313,-1218.92,-0.496305,311.437,-693.561,51.0553,505.68,-694.254,51.0553,507.555,-1219.61,51.0553,313.313,-1218.92,51.0553,311.437],
			"faces"    : [35,1,0,4,5,0,0,1,2,3,35,5,6,2,1,0,3,4,5,0,35,6,7,3,2,0,4,6,7,5,35,0,3,7,4,0,1,7,6,2,35,0,1,2,3,0,1,0,5,7,35,7,6,5,4,0,6,4,3,2],
			"uvs"      : [],
			"normals"  : [0.341288,-0.577349,0.741722,0.741722,-0.577349,-0.341288,0.741722,0.577349,-0.341288,0.341288,0.577349,0.741722,-0.741722,0.577349,0.341288,-0.741722,-0.577349,0.341288,-0.341288,0.577349,-0.741722,-0.341288,-0.577349,-0.741722],
			
			"skinIndices"  : [],
			"skinWeights"  : [],
			"morphTargets" : [],
			
			"bones"      : [],
			"animations" : [],
			
			"colors"    : [],
			"materials" : [
				{
					"DbgColor": 15658734,
					"DbgIndex": 0,
					"DbgName": "default",
					"vertexColors": false
				}
			]


	}
