	{

		"metadata": {
			"formatVersion" : 3.1,
			"generatedBy"   : "Blender 2.7 Exporter",
			"vertices"      : 8,
			"faces"         : 6,
			"normals"       : 8,
			"colors"        : 0,
			"uvs"           : [],
			"materials"     : 1,
			"morphTargets"  : 0,
			"bones"         : 0
		},

			"scale" : 1.000000,
			
			"vertices" : [-448.65,-0.496296,510.043,-448.674,-0.496296,512.043,-693.713,-0.496296,509.084,-693.689,-0.496296,507.085,-448.65,51.0553,510.043,-448.674,51.0553,512.043,-693.713,51.0553,509.084,-693.689,51.0553,507.085],
			"faces"    : [35,1,0,4,5,0,0,1,2,3,35,5,6,2,1,0,3,4,5,0,35,6,7,3,2,0,4,6,7,5,35,0,3,7,4,0,1,7,6,2,35,0,1,2,3,0,1,0,5,7,35,7,6,5,4,0,6,4,3,2],
			"uvs"      : [],
			"normals"  : [0.57033,-0.577349,0.584277,0.584277,-0.577349,-0.57033,0.584277,0.577349,-0.57033,0.57033,0.577349,0.584277,-0.584277,0.577349,0.57033,-0.584277,-0.577349,0.57033,-0.57033,0.577349,-0.584277,-0.57033,-0.577349,-0.584277],
			
			"skinIndices"  : [],
			"skinWeights"  : [],
			"morphTargets" : [],
			
			"bones"      : [],
			"animations" : [],
			
			"colors"    : [],
			"materials" : [
				{
					"DbgColor": 15658734,
					"DbgIndex": 0,
					"DbgName": "default",
					"vertexColors": false
				}
			]


	}
