	{

		"metadata": {
			"formatVersion" : 3.1,
			"generatedBy"   : "Blender 2.7 Exporter",
			"vertices"      : 8,
			"faces"         : 6,
			"normals"       : 8,
			"colors"        : 0,
			"uvs"           : [],
			"materials"     : 1,
			"morphTargets"  : 0,
			"bones"         : 0
		},

			"scale" : 1.000000,
			
			"vertices" : [-116.801,-2.07966,440.589,-90.4432,-2.07966,412.873,-54.4463,-2.07966,447.106,-80.8043,-2.07966,474.822,-116.801,36.1685,440.589,-90.4432,36.1685,412.873,-54.4463,36.1685,447.106,-80.8043,36.1685,474.822],
			"faces"    : [35,1,0,4,5,0,0,1,2,3,35,5,6,2,1,0,3,4,5,0,35,6,7,3,2,0,4,6,7,5,35,0,3,7,4,0,1,7,6,2,35,0,1,2,3,0,1,0,5,7,35,7,6,5,4,0,6,4,3,2],
			"uvs"      : [],
			"normals"  : [-0.020478,-0.577349,-0.816218,-0.816218,-0.577349,0.020478,-0.816218,0.577349,0.020478,-0.020478,0.577349,-0.816218,0.816218,0.577349,-0.020478,0.816218,-0.577349,-0.020478,0.020478,0.577349,0.816218,0.020478,-0.577349,0.816218],
			
			"skinIndices"  : [],
			"skinWeights"  : [],
			"morphTargets" : [],
			
			"bones"      : [],
			"animations" : [],
			
			"colors"    : [],
			"materials" : [
				{
					"DbgColor": 15658734,
					"DbgIndex": 0,
					"DbgName": "default",
					"vertexColors": false
				}
			]


	}
