	{

		"metadata": {
			"formatVersion" : 3.1,
			"generatedBy"   : "Blender 2.7 Exporter",
			"vertices"      : 10,
			"faces"         : 10,
			"normals"       : 10,
			"colors"        : 0,
			"uvs"           : [],
			"materials"     : 1,
			"morphTargets"  : 0,
			"bones"         : 0
		},

			"scale" : 1.000000,
			
			"vertices" : [185.786,-42.0655,878.28,39.9763,-41.0867,885.941,37.6116,3.01015,848.575,183.421,2.03132,840.914,188.563,-4.72656,922.169,42.7538,-3.74773,929.83,40.3891,40.3491,892.464,179.886,40.3491,883.636,187.174,-23.3961,900.224,41.3651,-22.4172,907.885],
			"faces"    : [34,5,6,9,0,0,1,2,34,6,2,1,0,1,3,4,34,6,1,9,0,1,4,2,35,6,7,3,2,0,1,5,6,3,34,7,4,3,0,5,7,6,34,8,0,3,0,8,9,6,34,4,8,3,0,7,8,6,35,0,1,2,3,0,9,4,3,6,35,7,6,5,4,0,5,1,0,7,35,1,0,4,5,0,4,9,7,0],
			"uvs"      : [],
			"normals"  : [-0.529283,-0.062136,0.846156,-0.572863,0.814142,0.09479,-0.997986,0,0.063143,-0.623066,0.062685,-0.779626,-0.582751,-0.811914,-0.033662,0.531297,0.846736,0.026612,0.54442,0.073428,-0.835566,0.634297,-0.049745,0.771447,0.995544,0.074953,-0.056764,0.590106,-0.801263,-0.098514],
			
			"skinIndices"  : [],
			"skinWeights"  : [],
			"morphTargets" : [],
			
			"bones"      : [],
			"animations" : [],
			
			"colors"    : [],
			"materials" : [
				{
					"DbgColor": 15658734,
					"DbgIndex": 0,
					"DbgName": "default",
					"vertexColors": false
				}
			]


	}
