{
    "metadata": {
        "vertices": 74,
        "normals": 74,
        "uvs": 0,
        "type": "Geometry",
        "faces": 72,
        "version": 3,
        "generator": "io_three"
    },
    "vertices": [1.04551,1.43125,-0.453454,1.04551,1.43125,0.453454,-1.06354,1.43125,0.478646,-1.06354,1.43125,-0.478646,1.07298,4.1699,-0.548223,1.07298,4.1699,0.548223,-1.07298,4.1699,0.548223,-1.07298,4.1699,-0.548223,0.012018,1.08277,-0.6214,0.012017,1.08277,0.6214,0,4.13734,-0.937198,-1e-06,4.13734,0.937198,-0.480696,0.007435,-0.335892,-0.480696,0.007435,0.335892,-0.961392,0.007435,0.335892,-0.961392,0.007435,-0.335892,0.961392,0.007435,-0.335892,0.961392,0.007435,0.335892,0.480696,0.007435,0.335892,0.480696,0.007435,-0.335892,0.980084,4.57207,-0.54008,0.980084,4.57207,0.480116,-0.980085,4.57207,0.480115,-0.980084,4.57207,-0.54008,0,4.57207,-0.902962,-1e-06,4.57207,0.842998,0.979464,5.17759,-0.529567,0.979463,5.17759,0.349674,-0.979464,5.17759,0.349673,-0.979464,5.17759,-0.529567,0,5.17759,-1.04592,-1e-06,5.17759,0.866031,0.980677,6.02829,-0.565248,0.980676,6.02829,0.325391,-0.980677,6.02829,0.32539,-0.980677,6.02829,-0.565249,0,6.02829,-1.08161,-1e-06,6.02829,0.841748,0.827701,6.4882,-0.464167,0.8277,6.4882,0.22431,-0.827701,6.4882,0.224309,-0.827701,6.4882,-0.464168,0,6.51373,-0.565249,-0,6.51373,0.325391,1.15367,3.22368,-0.604605,1.15367,3.22368,0.604606,-1.15367,3.22368,0.604605,-1.15367,3.22368,-0.604606,-0,3.17149,1.00768,0,3.17149,-1.00768,1.48432,4.0607,-0.451518,1.48432,4.0607,0.451519,-1.48432,4.0607,0.451518,-1.48432,4.0607,-0.451519,1.48432,3.67189,-0.451518,1.48432,3.67189,0.451519,-1.48432,3.67189,0.451518,-1.48432,3.67189,-0.451519,1.75034,3.70891,-0.365547,1.75034,4.02368,-0.365547,1.75034,4.02368,0.365548,1.75034,3.70891,0.365548,-1.75034,3.70891,0.365547,-1.75034,4.02368,0.365547,-1.75034,4.02368,-0.365548,-1.75034,3.70891,-0.365548,2.09515,3.75171,-0.266132,2.09515,3.98088,-0.266132,2.09515,3.98088,0.266134,2.09515,3.75171,0.266134,-2.09515,3.75171,0.266133,-2.09515,3.98088,0.266133,-2.09515,3.98088,-0.266133,-2.09515,3.75171,-0.266133],
    "normals": [0.586871,0.356853,-0.726768,0,0.085665,-0.996307,0,-0.009095,-0.999939,0.813227,0.066317,-0.578112,0.704215,-0.174169,0.688253,0.704215,-0.174169,-0.688253,0.547014,-0.426221,-0.72045,0.547014,-0.426221,0.72045,0.003693,-0.033113,0.99942,0,0.151219,0.988495,-0.562578,0.385937,0.731101,-0.702872,-0.169988,0.690695,-0.702872,-0.169988,-0.690695,-0.547014,-0.426221,0.72045,-0.547014,-0.426221,-0.72045,0.003693,-0.033113,-0.99942,0.007263,-0.330302,-0.943815,-0.772454,-0.128208,-0.621937,0.562578,0.385937,0.731101,0.801355,0.167089,0.574328,0,0.161107,0.986908,0.778985,-0.12595,-0.614246,0.393567,-0.737388,-0.548936,0.393567,-0.737388,0.548936,-0.595965,-0.617054,0.51381,-0.595965,-0.617054,-0.51381,0.007263,-0.330302,0.943815,-0.772454,-0.128208,0.621937,0.60448,-0.608417,-0.514206,0.60448,-0.608417,0.514206,-0.395703,-0.733421,0.552721,-0.395703,-0.733421,-0.552721,0.778985,-0.12595,0.614246,0,-0.074557,-0.997192,0.852168,-0.039918,-0.521683,0.861721,0.029206,0.506485,0,0.058809,0.99826,-0.586871,0.356853,-0.726768,-0.801386,0.167089,0.574328,-0.813227,0.066317,-0.578112,0,0.258309,-0.966033,0.821009,0.237831,-0.518998,0.823084,0.255318,0.507248,0,0.292032,0.956389,-0.861721,0.029206,0.506485,-0.852168,-0.039918,-0.521683,0,0.878414,-0.477859,0.529374,0.774285,-0.34669,0.529344,0.774285,0.34669,0,0.878414,0.477859,-0.823084,0.255318,0.507248,-0.821009,0.237831,-0.518998,-0.529344,0.774285,-0.34669,-0.529344,0.774285,0.34669,-0.345561,0.661397,-0.66567,-0.345561,0.661397,0.66567,0.345561,0.661397,0.66567,0.345561,0.661397,-0.66567,0.294778,0.689749,-0.661275,0.294778,-0.689749,-0.661275,0.294778,0.689749,0.661275,0.294778,-0.689749,0.661275,-0.294778,0.689749,0.661275,-0.294778,-0.689749,0.661275,-0.294778,0.689749,-0.661275,-0.294778,-0.689749,-0.661275,0.679037,-0.549852,-0.486312,0.679037,0.549852,-0.486312,0.679037,0.549852,0.486343,0.679037,-0.549852,0.486343,-0.679037,-0.549852,0.486343,-0.679037,0.549852,0.486343,-0.679037,0.549852,-0.486343,-0.679037,-0.549852,-0.486343],
    "name": "CubeGeometry",
    "uvs": [],
    "faces": [33,4,10,24,20,0,1,2,3,33,45,44,54,55,4,5,6,7,33,48,11,6,46,8,9,10,11,33,47,46,56,57,12,11,13,14,33,49,8,3,47,15,16,17,12,33,11,5,21,25,9,18,19,20,33,45,5,11,48,4,18,9,8,33,44,0,8,49,5,21,16,15,33,12,13,14,15,22,23,24,25,33,9,13,12,8,26,23,22,16,33,2,14,13,9,27,24,23,26,33,3,15,14,2,17,25,24,27,33,8,12,15,3,16,22,25,17,33,16,17,18,19,28,29,30,31,33,16,0,1,17,28,21,32,29,33,9,18,17,1,26,30,29,32,33,8,19,18,9,16,31,30,26,33,0,16,19,8,21,28,31,16,33,20,24,30,26,3,2,33,34,33,25,21,27,31,20,19,35,36,33,7,6,22,23,37,10,38,39,33,6,11,25,22,10,9,20,38,33,10,7,23,24,1,37,39,2,33,5,4,20,21,18,0,3,19,33,26,30,36,32,34,33,40,41,33,31,27,33,37,36,35,42,43,33,23,22,28,29,39,38,44,45,33,22,25,31,28,38,20,36,44,33,24,23,29,30,2,39,45,33,33,21,20,26,27,19,3,34,35,33,32,36,42,38,41,40,46,47,33,37,33,39,43,43,42,48,49,33,29,28,34,35,45,44,50,51,33,28,31,37,34,44,36,43,50,33,30,29,35,36,33,45,51,40,33,27,26,32,33,35,34,41,42,33,42,41,40,43,46,52,53,49,33,38,42,43,39,47,46,49,48,33,35,34,40,41,51,50,53,52,33,34,37,43,40,50,43,49,53,33,36,35,41,42,40,51,52,46,33,33,32,38,39,42,41,47,48,33,0,44,45,1,21,5,4,32,33,9,48,46,2,26,8,11,27,33,2,46,47,3,27,11,12,17,33,10,49,47,7,1,15,12,37,33,1,45,48,9,32,4,8,26,33,4,44,49,10,0,5,15,1,33,6,7,53,52,10,37,54,55,33,4,5,51,50,0,18,56,57,33,7,47,57,53,37,12,14,54,33,46,6,52,56,11,10,55,13,33,5,45,55,51,18,4,7,56,33,44,4,50,54,5,0,57,6,33,50,59,58,54,57,58,59,6,33,51,60,59,50,56,60,58,57,33,55,61,60,51,7,61,60,56,33,54,58,61,55,6,59,61,7,33,52,63,62,56,55,62,63,13,33,53,64,63,52,54,64,62,55,33,57,65,64,53,14,65,64,54,33,56,62,65,57,13,63,65,14,33,66,67,68,69,66,67,68,69,33,59,67,66,58,58,67,66,59,33,60,68,67,59,60,68,67,58,33,61,69,68,60,61,69,68,60,33,58,66,69,61,59,66,69,61,33,70,71,72,73,70,71,72,73,33,63,71,70,62,62,71,70,63,33,64,72,71,63,64,72,71,62,33,65,73,72,64,65,73,72,64,33,62,70,73,65,63,70,73,65]
}